table_name,column_name,data_type_left,__key,data_type_right,db2_type_raw,pg_type_raw,db2_type_norm,pg_type_norm,notes
accion_ambito,ccl_id_origen,VARGRAPHIC(24 codeunits16),accion_ambito||ccl_id_origen,varchar(24),VARGRAPHIC(24 codeunits16),varchar(24),vargraphic(24),varchar(24),Encoding/length: DB2 VARGRAPHIC uses UTF-16 code units; PG varchar uses character count (UTF-8). Check max lengths.; Verify VARGRAPHIC→VARCHAR lengths after encoding change (UTF-16→UTF-8).
accion_ambito,std_id_leg_ent,VARGRAPHIC(24 codeunits16),accion_ambito||std_id_leg_ent,varchar(24),VARGRAPHIC(24 codeunits16),varchar(24),vargraphic(24),varchar(24),Encoding/length: DB2 VARGRAPHIC uses UTF-16 code units; PG varchar uses character count (UTF-8). Check max lengths.; Verify VARGRAPHIC→VARCHAR lengths after encoding change (UTF-16→UTF-8).
algoritmo_tipo_calculo,id_tipo_calculo,VARGRAPHIC(12 codeunits16),algoritmo_tipo_calculo||id_tipo_calculo,varchar(12),VARGRAPHIC(12 codeunits16),varchar(12),vargraphic(12),varchar(12),Encoding/length: DB2 VARGRAPHIC uses UTF-16 code units; PG varchar uses character count (UTF-8). Check max lengths.; Verify VARGRAPHIC→VARCHAR lengths after encoding change (UTF-16→UTF-8).
algoritmo_tipo_comision,id_tipo_comision,VARGRAPHIC(12 codeunits16),algoritmo_tipo_comision||id_tipo_comision,varchar(12),VARGRAPHIC(12 codeunits16),varchar(12),vargraphic(12),varchar(12),Encoding/length: DB2 VARGRAPHIC uses UTF-16 code units; PG varchar uses character count (UTF-8). Check max lengths.; Verify VARGRAPHIC→VARCHAR lengths after encoding change (UTF-16→UTF-8).
clase_persona_sil_ambito,ccl_id_origen,VARGRAPHIC(24 codeunits16),clase_persona_sil_ambito||ccl_id_origen,varchar(24),VARGRAPHIC(24 codeunits16),varchar(24),vargraphic(24),varchar(24),Encoding/length: DB2 VARGRAPHIC uses UTF-16 code units; PG varchar uses character count (UTF-8). Check max lengths.; Verify VARGRAPHIC→VARCHAR lengths after encoding change (UTF-16→UTF-8).
clase_persona_sil_ambito,id_clase_persona_sil_ambito,BIGINT generated always as identity (start with 1 minvalue -9223372036854775808),clase_persona_sil_ambito||id_clase_persona_sil_ambito,bigint generated always as identity (start with 1),BIGINT generated always as identity (start with 1 minvalue -9223372036854775808),bigint generated always as identity (start with 1),bigint generated always as identity(start with 1 minvalue -9223372036854775808),bigint generated always as identity(start with 1),
clase_persona_sil_ambito,std_id_leg_ent,VARGRAPHIC(24 codeunits16),clase_persona_sil_ambito||std_id_leg_ent,varchar(24),VARGRAPHIC(24 codeunits16),varchar(24),vargraphic(24),varchar(24),Encoding/length: DB2 VARGRAPHIC uses UTF-16 code units; PG varchar uses character count (UTF-8). Check max lengths.; Verify VARGRAPHIC→VARCHAR lengths after encoding change (UTF-16→UTF-8).
condicion,ccl_id_seccion,VARGRAPHIC(2 codeunits16),condicion||ccl_id_seccion,varchar(2),VARGRAPHIC(2 codeunits16),varchar(2),vargraphic(2),varchar(2),Encoding/length: DB2 VARGRAPHIC uses UTF-16 code units; PG varchar uses character count (UTF-8). Check max lengths.; Verify VARGRAPHIC→VARCHAR lengths after encoding change (UTF-16→UTF-8).
condicion,icm_id_tp_calculo,VARGRAPHIC(24 codeunits16),condicion||icm_id_tp_calculo,varchar(24),VARGRAPHIC(24 codeunits16),varchar(24),vargraphic(24),varchar(24),Encoding/length: DB2 VARGRAPHIC uses UTF-16 code units; PG varchar uses character count (UTF-8). Check max lengths.; Verify VARGRAPHIC→VARCHAR lengths after encoding change (UTF-16→UTF-8).
condicion,icm_id_tp_comision,VARGRAPHIC(24 codeunits16),condicion||icm_id_tp_comision,varchar(24),VARGRAPHIC(24 codeunits16),varchar(24),vargraphic(24),varchar(24),Encoding/length: DB2 VARGRAPHIC uses UTF-16 code units; PG varchar uses character count (UTF-8). Check max lengths.; Verify VARGRAPHIC→VARCHAR lengths after encoding change (UTF-16→UTF-8).
configuracion_aplicacion_baja_it,ccl_id_origen,VARGRAPHIC(24 codeunits16),configuracion_aplicacion_baja_it||ccl_id_origen,varchar(24),VARGRAPHIC(24 codeunits16),varchar(24),vargraphic(24),varchar(24),Encoding/length: DB2 VARGRAPHIC uses UTF-16 code units; PG varchar uses character count (UTF-8). Check max lengths.; Verify VARGRAPHIC→VARCHAR lengths after encoding change (UTF-16→UTF-8).
configuracion_aplicacion_baja_it,icm_id_tp_calculo,VARGRAPHIC(24 codeunits16),configuracion_aplicacion_baja_it||icm_id_tp_calculo,varchar(24),VARGRAPHIC(24 codeunits16),varchar(24),vargraphic(24),varchar(24),Encoding/length: DB2 VARGRAPHIC uses UTF-16 code units; PG varchar uses character count (UTF-8). Check max lengths.; Verify VARGRAPHIC→VARCHAR lengths after encoding change (UTF-16→UTF-8).
configuracion_aplicacion_baja_it,icm_id_tp_comision,VARGRAPHIC(24 codeunits16),configuracion_aplicacion_baja_it||icm_id_tp_comision,varchar(24),VARGRAPHIC(24 codeunits16),varchar(24),vargraphic(24),varchar(24),Encoding/length: DB2 VARGRAPHIC uses UTF-16 code units; PG varchar uses character count (UTF-8). Check max lengths.; Verify VARGRAPHIC→VARCHAR lengths after encoding change (UTF-16→UTF-8).
configuracion_aplicacion_baja_it,std_id_leg_ent,VARGRAPHIC(24 codeunits16),configuracion_aplicacion_baja_it||std_id_leg_ent,varchar(24),VARGRAPHIC(24 codeunits16),varchar(24),vargraphic(24),varchar(24),Encoding/length: DB2 VARGRAPHIC uses UTF-16 code units; PG varchar uses character count (UTF-8). Check max lengths.; Verify VARGRAPHIC→VARCHAR lengths after encoding change (UTF-16→UTF-8).
configuracion_aplicacion_baja_it,std_id_sub_geo_div,VARGRAPHIC(8 codeunits16),configuracion_aplicacion_baja_it||std_id_sub_geo_div,varchar(8),VARGRAPHIC(8 codeunits16),varchar(8),vargraphic(8),varchar(8),Encoding/length: DB2 VARGRAPHIC uses UTF-16 code units; PG varchar uses character count (UTF-8). Check max lengths.; Verify VARGRAPHIC→VARCHAR lengths after encoding change (UTF-16→UTF-8).
configuracion_jornada_laboral,ccl_id_origen,VARGRAPHIC(24 codeunits16),configuracion_jornada_laboral||ccl_id_origen,varchar(24),VARGRAPHIC(24 codeunits16),varchar(24),vargraphic(24),varchar(24),Encoding/length: DB2 VARGRAPHIC uses UTF-16 code units; PG varchar uses character count (UTF-8). Check max lengths.; Verify VARGRAPHIC→VARCHAR lengths after encoding change (UTF-16→UTF-8).
localizacion_ficticia_historico,ccl_id_cadena,VARGRAPHIC(12 codeunits16),localizacion_ficticia_historico||ccl_id_cadena,varchar(12),VARGRAPHIC(12 codeunits16),varchar(12),vargraphic(12),varchar(12),Encoding/length: DB2 VARGRAPHIC uses UTF-16 code units; PG varchar uses character count (UTF-8). Check max lengths.; Verify VARGRAPHIC→VARCHAR lengths after encoding change (UTF-16→UTF-8).
localizacion_ficticia_historico,ccl_id_cod_origen,VARGRAPHIC(24 codeunits16),localizacion_ficticia_historico||ccl_id_cod_origen,varchar(24),VARGRAPHIC(24 codeunits16),varchar(24),vargraphic(24),varchar(24),Encoding/length: DB2 VARGRAPHIC uses UTF-16 code units; PG varchar uses character count (UTF-8). Check max lengths.; Verify VARGRAPHIC→VARCHAR lengths after encoding change (UTF-16→UTF-8).
localizacion_ficticia_historico,ccl_id_origen,VARGRAPHIC(24 codeunits16),localizacion_ficticia_historico||ccl_id_origen,varchar(24),VARGRAPHIC(24 codeunits16),varchar(24),vargraphic(24),varchar(24),Encoding/length: DB2 VARGRAPHIC uses UTF-16 code units; PG varchar uses character count (UTF-8). Check max lengths.; Verify VARGRAPHIC→VARCHAR lengths after encoding change (UTF-16→UTF-8).
localizacion_ficticia_historico,std_id_country,VARGRAPHIC(4 codeunits16),localizacion_ficticia_historico||std_id_country,varchar(4),VARGRAPHIC(4 codeunits16),varchar(4),vargraphic(4),varchar(4),Encoding/length: DB2 VARGRAPHIC uses UTF-16 code units; PG varchar uses character count (UTF-8). Check max lengths.; Verify VARGRAPHIC→VARCHAR lengths after encoding change (UTF-16→UTF-8).
localizacion_ficticia_historico,std_id_leg_ent,VARGRAPHIC(24 codeunits16),localizacion_ficticia_historico||std_id_leg_ent,varchar(24),VARGRAPHIC(24 codeunits16),varchar(24),vargraphic(24),varchar(24),Encoding/length: DB2 VARGRAPHIC uses UTF-16 code units; PG varchar uses character count (UTF-8). Check max lengths.; Verify VARGRAPHIC→VARCHAR lengths after encoding change (UTF-16→UTF-8).
localizacion_ficticia_historico,std_id_work_locat,VARGRAPHIC(24 codeunits16),localizacion_ficticia_historico||std_id_work_locat,varchar(24),VARGRAPHIC(24 codeunits16),varchar(24),vargraphic(24),varchar(24),Encoding/length: DB2 VARGRAPHIC uses UTF-16 code units; PG varchar uses character count (UTF-8). Check max lengths.; Verify VARGRAPHIC→VARCHAR lengths after encoding change (UTF-16→UTF-8).
mail_ambito,ccl_id_origen,VARGRAPHIC(24 codeunits16),mail_ambito||ccl_id_origen,varchar(24),VARGRAPHIC(24 codeunits16),varchar(24),vargraphic(24),varchar(24),Encoding/length: DB2 VARGRAPHIC uses UTF-16 code units; PG varchar uses character count (UTF-8). Check max lengths.; Verify VARGRAPHIC→VARCHAR lengths after encoding change (UTF-16→UTF-8).
mail_ambito,std_id_leg_ent,VARGRAPHIC(24 codeunits16),mail_ambito||std_id_leg_ent,varchar(24),VARGRAPHIC(24 codeunits16),varchar(24),vargraphic(24),varchar(24),Encoding/length: DB2 VARGRAPHIC uses UTF-16 code units; PG varchar uses character count (UTF-8). Check max lengths.; Verify VARGRAPHIC→VARCHAR lengths after encoding change (UTF-16→UTF-8).
paralelo_comparativa_challenge,ccl_id_person,VARGRAPHIC(24 codeunits16),paralelo_comparativa_challenge||ccl_id_person,varchar(24),VARGRAPHIC(24 codeunits16),varchar(24),vargraphic(24),varchar(24),Encoding/length: DB2 VARGRAPHIC uses UTF-16 code units; PG varchar uses character count (UTF-8). Check max lengths.; Verify VARGRAPHIC→VARCHAR lengths after encoding change (UTF-16→UTF-8).
paralelo_comparativa_challenge,cod_seccion_presencias_comis,VARGRAPHIC(2 codeunits16),paralelo_comparativa_challenge||cod_seccion_presencias_comis,varchar(2),VARGRAPHIC(2 codeunits16),varchar(2),vargraphic(2),varchar(2),Encoding/length: DB2 VARGRAPHIC uses UTF-16 code units; PG varchar uses character count (UTF-8). Check max lengths.; Verify VARGRAPHIC→VARCHAR lengths after encoding change (UTF-16→UTF-8).
paralelo_comparativa_challenge,cod_seccion_presencias_income,VARGRAPHIC(2 codeunits16),paralelo_comparativa_challenge||cod_seccion_presencias_income,varchar(2),VARGRAPHIC(2 codeunits16),varchar(2),vargraphic(2),varchar(2),Encoding/length: DB2 VARGRAPHIC uses UTF-16 code units; PG varchar uses character count (UTF-8). Check max lengths.; Verify VARGRAPHIC→VARCHAR lengths after encoding change (UTF-16→UTF-8).
paralelo_comparativa_challenge,cod_tienda_calculo_comis,VARGRAPHIC(24 codeunits16),paralelo_comparativa_challenge||cod_tienda_calculo_comis,varchar(24),VARGRAPHIC(24 codeunits16),varchar(24),vargraphic(24),varchar(24),Encoding/length: DB2 VARGRAPHIC uses UTF-16 code units; PG varchar uses character count (UTF-8). Check max lengths.; Verify VARGRAPHIC→VARCHAR lengths after encoding change (UTF-16→UTF-8).
paralelo_comparativa_challenge,cod_tienda_calculo_income,VARGRAPHIC(24 codeunits16),paralelo_comparativa_challenge||cod_tienda_calculo_income,varchar(24),VARGRAPHIC(24 codeunits16),varchar(24),vargraphic(24),varchar(24),Encoding/length: DB2 VARGRAPHIC uses UTF-16 code units; PG varchar uses character count (UTF-8). Check max lengths.; Verify VARGRAPHIC→VARCHAR lengths after encoding change (UTF-16→UTF-8).
paralelo_comparativa_challenge,cod_tienda_presencias_comis,VARGRAPHIC(24 codeunits16),paralelo_comparativa_challenge||cod_tienda_presencias_comis,varchar(24),VARGRAPHIC(24 codeunits16),varchar(24),vargraphic(24),varchar(24),Encoding/length: DB2 VARGRAPHIC uses UTF-16 code units; PG varchar uses character count (UTF-8). Check max lengths.; Verify VARGRAPHIC→VARCHAR lengths after encoding change (UTF-16→UTF-8).
paralelo_comparativa_challenge,cod_tienda_presencias_income,VARGRAPHIC(24 codeunits16),paralelo_comparativa_challenge||cod_tienda_presencias_income,varchar(24),VARGRAPHIC(24 codeunits16),varchar(24),vargraphic(24),varchar(24),Encoding/length: DB2 VARGRAPHIC uses UTF-16 code units; PG varchar uses character count (UTF-8). Check max lengths.; Verify VARGRAPHIC→VARCHAR lengths after encoding change (UTF-16→UTF-8).
paralelo_comparativa_challenge,id_criterio_comis,VARGRAPHIC(2 codeunits16),paralelo_comparativa_challenge||id_criterio_comis,varchar(2),VARGRAPHIC(2 codeunits16),varchar(2),vargraphic(2),varchar(2),Encoding/length: DB2 VARGRAPHIC uses UTF-16 code units; PG varchar uses character count (UTF-8). Check max lengths.; Verify VARGRAPHIC→VARCHAR lengths after encoding change (UTF-16→UTF-8).
paralelo_comparativa_challenge,id_criterio_income,VARGRAPHIC(2 codeunits16),paralelo_comparativa_challenge||id_criterio_income,varchar(2),VARGRAPHIC(2 codeunits16),varchar(2),vargraphic(2),varchar(2),Encoding/length: DB2 VARGRAPHIC uses UTF-16 code units; PG varchar uses character count (UTF-8). Check max lengths.; Verify VARGRAPHIC→VARCHAR lengths after encoding change (UTF-16→UTF-8).
paralelo_comparativa_detalle,ccl_id_person,VARGRAPHIC(24 codeunits16),paralelo_comparativa_detalle||ccl_id_person,varchar(24),VARGRAPHIC(24 codeunits16),varchar(24),vargraphic(24),varchar(24),Encoding/length: DB2 VARGRAPHIC uses UTF-16 code units; PG varchar uses character count (UTF-8). Check max lengths.; Verify VARGRAPHIC→VARCHAR lengths after encoding change (UTF-16→UTF-8).
paralelo_comparativa_detalle,cod_seccion_comis,VARGRAPHIC(2 codeunits16),paralelo_comparativa_detalle||cod_seccion_comis,varchar(2),VARGRAPHIC(2 codeunits16),varchar(2),vargraphic(2),varchar(2),Encoding/length: DB2 VARGRAPHIC uses UTF-16 code units; PG varchar uses character count (UTF-8). Check max lengths.; Verify VARGRAPHIC→VARCHAR lengths after encoding change (UTF-16→UTF-8).
paralelo_comparativa_detalle,cod_seccion_income,VARGRAPHIC(2 codeunits16),paralelo_comparativa_detalle||cod_seccion_income,varchar(2),VARGRAPHIC(2 codeunits16),varchar(2),vargraphic(2),varchar(2),Encoding/length: DB2 VARGRAPHIC uses UTF-16 code units; PG varchar uses character count (UTF-8). Check max lengths.; Verify VARGRAPHIC→VARCHAR lengths after encoding change (UTF-16→UTF-8).
paralelo_comparativa_detalle,cod_seccion_presencias_comis,VARGRAPHIC(2 codeunits16),paralelo_comparativa_detalle||cod_seccion_presencias_comis,varchar(2),VARGRAPHIC(2 codeunits16),varchar(2),vargraphic(2),varchar(2),Encoding/length: DB2 VARGRAPHIC uses UTF-16 code units; PG varchar uses character count (UTF-8). Check max lengths.; Verify VARGRAPHIC→VARCHAR lengths after encoding change (UTF-16→UTF-8).
paralelo_comparativa_detalle,cod_seccion_presencias_income,VARGRAPHIC(2 codeunits16),paralelo_comparativa_detalle||cod_seccion_presencias_income,varchar(2),VARGRAPHIC(2 codeunits16),varchar(2),vargraphic(2),varchar(2),Encoding/length: DB2 VARGRAPHIC uses UTF-16 code units; PG varchar uses character count (UTF-8). Check max lengths.; Verify VARGRAPHIC→VARCHAR lengths after encoding change (UTF-16→UTF-8).
paralelo_comparativa_detalle,cod_tienda_calculo_comis,VARGRAPHIC(24 codeunits16),paralelo_comparativa_detalle||cod_tienda_calculo_comis,varchar(24),VARGRAPHIC(24 codeunits16),varchar(24),vargraphic(24),varchar(24),Encoding/length: DB2 VARGRAPHIC uses UTF-16 code units; PG varchar uses character count (UTF-8). Check max lengths.; Verify VARGRAPHIC→VARCHAR lengths after encoding change (UTF-16→UTF-8).
paralelo_comparativa_detalle,cod_tienda_calculo_income,VARGRAPHIC(24 codeunits16),paralelo_comparativa_detalle||cod_tienda_calculo_income,varchar(24),VARGRAPHIC(24 codeunits16),varchar(24),vargraphic(24),varchar(24),Encoding/length: DB2 VARGRAPHIC uses UTF-16 code units; PG varchar uses character count (UTF-8). Check max lengths.; Verify VARGRAPHIC→VARCHAR lengths after encoding change (UTF-16→UTF-8).
paralelo_comparativa_detalle,cod_tienda_presencias_comis,VARGRAPHIC(24 codeunits16),paralelo_comparativa_detalle||cod_tienda_presencias_comis,varchar(24),VARGRAPHIC(24 codeunits16),varchar(24),vargraphic(24),varchar(24),Encoding/length: DB2 VARGRAPHIC uses UTF-16 code units; PG varchar uses character count (UTF-8). Check max lengths.; Verify VARGRAPHIC→VARCHAR lengths after encoding change (UTF-16→UTF-8).
paralelo_comparativa_detalle,cod_tienda_presencias_income,VARGRAPHIC(24 codeunits16),paralelo_comparativa_detalle||cod_tienda_presencias_income,varchar(24),VARGRAPHIC(24 codeunits16),varchar(24),vargraphic(24),varchar(24),Encoding/length: DB2 VARGRAPHIC uses UTF-16 code units; PG varchar uses character count (UTF-8). Check max lengths.; Verify VARGRAPHIC→VARCHAR lengths after encoding change (UTF-16→UTF-8).
paralelo_comparativa_detalle,id_paralelo_comparativa_detalle,BIGINT generated always as identity (start with 1 minvalue -9223372036854775808 cache 100),paralelo_comparativa_detalle||id_paralelo_comparativa_detalle,bigint generated always as identity (start with 1 cache 100),BIGINT generated always as identity (start with 1 minvalue -9223372036854775808 cache 100),bigint generated always as identity (start with 1 cache 100),bigint generated always as identity(start with 1 minvalue -9223372036854775808 cache 100),bigint generated always as identity(start with 1 cache 100),
paralelo_comparativa_politicas,ccl_id_person,VARGRAPHIC(24 codeunits16),paralelo_comparativa_politicas||ccl_id_person,varchar(24),VARGRAPHIC(24 codeunits16),varchar(24),vargraphic(24),varchar(24),Encoding/length: DB2 VARGRAPHIC uses UTF-16 code units; PG varchar uses character count (UTF-8). Check max lengths.; Verify VARGRAPHIC→VARCHAR lengths after encoding change (UTF-16→UTF-8).
paralelo_comparativa_por_venta,ccl_id_person,VARGRAPHIC(24 codeunits16),paralelo_comparativa_por_venta||ccl_id_person,varchar(24),VARGRAPHIC(24 codeunits16),varchar(24),vargraphic(24),varchar(24),Encoding/length: DB2 VARGRAPHIC uses UTF-16 code units; PG varchar uses character count (UTF-8). Check max lengths.; Verify VARGRAPHIC→VARCHAR lengths after encoding change (UTF-16→UTF-8).
paralelo_comparativa_por_venta,cod_seccion_comis,VARGRAPHIC(2 codeunits16),paralelo_comparativa_por_venta||cod_seccion_comis,varchar(2),VARGRAPHIC(2 codeunits16),varchar(2),vargraphic(2),varchar(2),Encoding/length: DB2 VARGRAPHIC uses UTF-16 code units; PG varchar uses character count (UTF-8). Check max lengths.; Verify VARGRAPHIC→VARCHAR lengths after encoding change (UTF-16→UTF-8).
paralelo_comparativa_por_venta,cod_seccion_income,VARGRAPHIC(2 codeunits16),paralelo_comparativa_por_venta||cod_seccion_income,varchar(2),VARGRAPHIC(2 codeunits16),varchar(2),vargraphic(2),varchar(2),Encoding/length: DB2 VARGRAPHIC uses UTF-16 code units; PG varchar uses character count (UTF-8). Check max lengths.; Verify VARGRAPHIC→VARCHAR lengths after encoding change (UTF-16→UTF-8).
paralelo_comparativa_por_venta,cod_seccion_presencias_comis,VARGRAPHIC(2 codeunits16),paralelo_comparativa_por_venta||cod_seccion_presencias_comis,varchar(2),VARGRAPHIC(2 codeunits16),varchar(2),vargraphic(2),varchar(2),Encoding/length: DB2 VARGRAPHIC uses UTF-16 code units; PG varchar uses character count (UTF-8). Check max lengths.; Verify VARGRAPHIC→VARCHAR lengths after encoding change (UTF-16→UTF-8).
paralelo_comparativa_por_venta,cod_seccion_presencias_income,VARGRAPHIC(2 codeunits16),paralelo_comparativa_por_venta||cod_seccion_presencias_income,varchar(2),VARGRAPHIC(2 codeunits16),varchar(2),vargraphic(2),varchar(2),Encoding/length: DB2 VARGRAPHIC uses UTF-16 code units; PG varchar uses character count (UTF-8). Check max lengths.; Verify VARGRAPHIC→VARCHAR lengths after encoding change (UTF-16→UTF-8).
paralelo_comparativa_por_venta,cod_tienda_calculo_comis,VARGRAPHIC(24 codeunits16),paralelo_comparativa_por_venta||cod_tienda_calculo_comis,varchar(24),VARGRAPHIC(24 codeunits16),varchar(24),vargraphic(24),varchar(24),Encoding/length: DB2 VARGRAPHIC uses UTF-16 code units; PG varchar uses character count (UTF-8). Check max lengths.; Verify VARGRAPHIC→VARCHAR lengths after encoding change (UTF-16→UTF-8).
paralelo_comparativa_por_venta,cod_tienda_calculo_income,VARGRAPHIC(24 codeunits16),paralelo_comparativa_por_venta||cod_tienda_calculo_income,varchar(24),VARGRAPHIC(24 codeunits16),varchar(24),vargraphic(24),varchar(24),Encoding/length: DB2 VARGRAPHIC uses UTF-16 code units; PG varchar uses character count (UTF-8). Check max lengths.; Verify VARGRAPHIC→VARCHAR lengths after encoding change (UTF-16→UTF-8).
paralelo_comparativa_por_venta,cod_tienda_presencias_comis,VARGRAPHIC(24 codeunits16),paralelo_comparativa_por_venta||cod_tienda_presencias_comis,varchar(24),VARGRAPHIC(24 codeunits16),varchar(24),vargraphic(24),varchar(24),Encoding/length: DB2 VARGRAPHIC uses UTF-16 code units; PG varchar uses character count (UTF-8). Check max lengths.; Verify VARGRAPHIC→VARCHAR lengths after encoding change (UTF-16→UTF-8).
paralelo_comparativa_por_venta,cod_tienda_presencias_income,VARGRAPHIC(24 codeunits16),paralelo_comparativa_por_venta||cod_tienda_presencias_income,varchar(24),VARGRAPHIC(24 codeunits16),varchar(24),vargraphic(24),varchar(24),Encoding/length: DB2 VARGRAPHIC uses UTF-16 code units; PG varchar uses character count (UTF-8). Check max lengths.; Verify VARGRAPHIC→VARCHAR lengths after encoding change (UTF-16→UTF-8).
paralelo_comparativa_precio_hora,ccl_id_person,VARGRAPHIC(24 codeunits16),paralelo_comparativa_precio_hora||ccl_id_person,varchar(24),VARGRAPHIC(24 codeunits16),varchar(24),vargraphic(24),varchar(24),Encoding/length: DB2 VARGRAPHIC uses UTF-16 code units; PG varchar uses character count (UTF-8). Check max lengths.; Verify VARGRAPHIC→VARCHAR lengths after encoding change (UTF-16→UTF-8).
paralelo_comparativa_precio_hora,cod_seccion_presencias_comis,VARGRAPHIC(2 codeunits16),paralelo_comparativa_precio_hora||cod_seccion_presencias_comis,varchar(2),VARGRAPHIC(2 codeunits16),varchar(2),vargraphic(2),varchar(2),Encoding/length: DB2 VARGRAPHIC uses UTF-16 code units; PG varchar uses character count (UTF-8). Check max lengths.; Verify VARGRAPHIC→VARCHAR lengths after encoding change (UTF-16→UTF-8).
paralelo_comparativa_precio_hora,cod_seccion_presencias_income,VARGRAPHIC(2 codeunits16),paralelo_comparativa_precio_hora||cod_seccion_presencias_income,varchar(2),VARGRAPHIC(2 codeunits16),varchar(2),vargraphic(2),varchar(2),Encoding/length: DB2 VARGRAPHIC uses UTF-16 code units; PG varchar uses character count (UTF-8). Check max lengths.; Verify VARGRAPHIC→VARCHAR lengths after encoding change (UTF-16→UTF-8).
paralelo_comparativa_precio_hora,cod_tienda_calculo_comis,VARGRAPHIC(24 codeunits16),paralelo_comparativa_precio_hora||cod_tienda_calculo_comis,varchar(24),VARGRAPHIC(24 codeunits16),varchar(24),vargraphic(24),varchar(24),Encoding/length: DB2 VARGRAPHIC uses UTF-16 code units; PG varchar uses character count (UTF-8). Check max lengths.; Verify VARGRAPHIC→VARCHAR lengths after encoding change (UTF-16→UTF-8).
paralelo_comparativa_precio_hora,cod_tienda_calculo_income,VARGRAPHIC(24 codeunits16),paralelo_comparativa_precio_hora||cod_tienda_calculo_income,varchar(24),VARGRAPHIC(24 codeunits16),varchar(24),vargraphic(24),varchar(24),Encoding/length: DB2 VARGRAPHIC uses UTF-16 code units; PG varchar uses character count (UTF-8). Check max lengths.; Verify VARGRAPHIC→VARCHAR lengths after encoding change (UTF-16→UTF-8).
paralelo_comparativa_precio_hora,cod_tienda_presencias_comis,VARGRAPHIC(24 codeunits16),paralelo_comparativa_precio_hora||cod_tienda_presencias_comis,varchar(24),VARGRAPHIC(24 codeunits16),varchar(24),vargraphic(24),varchar(24),Encoding/length: DB2 VARGRAPHIC uses UTF-16 code units; PG varchar uses character count (UTF-8). Check max lengths.; Verify VARGRAPHIC→VARCHAR lengths after encoding change (UTF-16→UTF-8).
paralelo_comparativa_precio_hora,cod_tienda_presencias_income,VARGRAPHIC(24 codeunits16),paralelo_comparativa_precio_hora||cod_tienda_presencias_income,varchar(24),VARGRAPHIC(24 codeunits16),varchar(24),vargraphic(24),varchar(24),Encoding/length: DB2 VARGRAPHIC uses UTF-16 code units; PG varchar uses character count (UTF-8). Check max lengths.; Verify VARGRAPHIC→VARCHAR lengths after encoding change (UTF-16→UTF-8).
paralelo_comparativa_total,ccl_id_person,VARGRAPHIC(24 codeunits16),paralelo_comparativa_total||ccl_id_person,varchar(24),VARGRAPHIC(24 codeunits16),varchar(24),vargraphic(24),varchar(24),Encoding/length: DB2 VARGRAPHIC uses UTF-16 code units; PG varchar uses character count (UTF-8). Check max lengths.; Verify VARGRAPHIC→VARCHAR lengths after encoding change (UTF-16→UTF-8).
paralelo_comparativa_total,id_paralelo_comparativa_total,BIGINT generated always as identity (start with 1 minvalue -9223372036854775808 cache 100),paralelo_comparativa_total||id_paralelo_comparativa_total,bigint generated always as identity (start with 1 cache 100),BIGINT generated always as identity (start with 1 minvalue -9223372036854775808 cache 100),bigint generated always as identity (start with 1 cache 100),bigint generated always as identity(start with 1 minvalue -9223372036854775808 cache 100),bigint generated always as identity(start with 1 cache 100),
paralelo_peticion,ccl_id_origen,VARGRAPHIC(24 codeunits16),paralelo_peticion||ccl_id_origen,varchar(24),VARGRAPHIC(24 codeunits16),varchar(24),vargraphic(24),varchar(24),Encoding/length: DB2 VARGRAPHIC uses UTF-16 code units; PG varchar uses character count (UTF-8). Check max lengths.; Verify VARGRAPHIC→VARCHAR lengths after encoding change (UTF-16→UTF-8).
paralelo_peticion,id_organization,VARGRAPHIC(24 codeunits16),paralelo_peticion||id_organization,varchar(24),VARGRAPHIC(24 codeunits16),varchar(24),vargraphic(24),varchar(24),Encoding/length: DB2 VARGRAPHIC uses UTF-16 code units; PG varchar uses character count (UTF-8). Check max lengths.; Verify VARGRAPHIC→VARCHAR lengths after encoding change (UTF-16→UTF-8).
paralelo_peticion,id_paralelo_peticion,BIGINT generated always as identity (start with 1 minvalue -2147483648 maxvalue 2147483647),paralelo_peticion||id_paralelo_peticion,bigint generated always as identity (start with 1),BIGINT generated always as identity (start with 1 minvalue -2147483648 maxvalue 2147483647),bigint generated always as identity (start with 1),bigint generated always as identity(start with 1 minvalue -2147483648 maxvalue 2147483647),bigint generated always as identity(start with 1),
paralelo_peticion,std_id_leg_ent,VARGRAPHIC(24 codeunits16),paralelo_peticion||std_id_leg_ent,varchar(24),VARGRAPHIC(24 codeunits16),varchar(24),vargraphic(24),varchar(24),Encoding/length: DB2 VARGRAPHIC uses UTF-16 code units; PG varchar uses character count (UTF-8). Check max lengths.; Verify VARGRAPHIC→VARCHAR lengths after encoding change (UTF-16→UTF-8).
periodo_calculo_persona,ccl_id_origen,VARGRAPHIC(24 codeunits16),periodo_calculo_persona||ccl_id_origen,varchar(24),VARGRAPHIC(24 codeunits16),varchar(24),vargraphic(24),varchar(24),Encoding/length: DB2 VARGRAPHIC uses UTF-16 code units; PG varchar uses character count (UTF-8). Check max lengths.; Verify VARGRAPHIC→VARCHAR lengths after encoding change (UTF-16→UTF-8).
periodo_calculo_persona,ccl_id_person,VARGRAPHIC(24 codeunits16),periodo_calculo_persona||ccl_id_person,varchar(24),VARGRAPHIC(24 codeunits16),varchar(24),vargraphic(24),varchar(24),Encoding/length: DB2 VARGRAPHIC uses UTF-16 code units; PG varchar uses character count (UTF-8). Check max lengths.; Verify VARGRAPHIC→VARCHAR lengths after encoding change (UTF-16→UTF-8).
periodo_calculo_persona,std_id_leg_ent,VARGRAPHIC(24 codeunits16),periodo_calculo_persona||std_id_leg_ent,varchar(24),VARGRAPHIC(24 codeunits16),varchar(24),vargraphic(24),varchar(24),Encoding/length: DB2 VARGRAPHIC uses UTF-16 code units; PG varchar uses character count (UTF-8). Check max lengths.; Verify VARGRAPHIC→VARCHAR lengths after encoding change (UTF-16→UTF-8).
periodo_calculo_persona,std_or_hr_period,VARGRAPHIC(24 codeunits16),periodo_calculo_persona||std_or_hr_period,varchar(24),VARGRAPHIC(24 codeunits16),varchar(24),vargraphic(24),varchar(24),Encoding/length: DB2 VARGRAPHIC uses UTF-16 code units; PG varchar uses character count (UTF-8). Check max lengths.; Verify VARGRAPHIC→VARCHAR lengths after encoding change (UTF-16→UTF-8).
periodo_calculo_persona_reexport,ccl_id_origen,VARGRAPHIC(24 codeunits16),periodo_calculo_persona_reexport||ccl_id_origen,varchar(24),VARGRAPHIC(24 codeunits16),varchar(24),vargraphic(24),varchar(24),Encoding/length: DB2 VARGRAPHIC uses UTF-16 code units; PG varchar uses character count (UTF-8). Check max lengths.; Verify VARGRAPHIC→VARCHAR lengths after encoding change (UTF-16→UTF-8).
periodo_calculo_persona_reexport,ccl_id_person,VARGRAPHIC(24 codeunits16),periodo_calculo_persona_reexport||ccl_id_person,varchar(24),VARGRAPHIC(24 codeunits16),varchar(24),vargraphic(24),varchar(24),Encoding/length: DB2 VARGRAPHIC uses UTF-16 code units; PG varchar uses character count (UTF-8). Check max lengths.; Verify VARGRAPHIC→VARCHAR lengths after encoding change (UTF-16→UTF-8).
periodo_calculo_persona_reexport,std_id_leg_ent,VARGRAPHIC(24 codeunits16),periodo_calculo_persona_reexport||std_id_leg_ent,varchar(24),VARGRAPHIC(24 codeunits16),varchar(24),vargraphic(24),varchar(24),Encoding/length: DB2 VARGRAPHIC uses UTF-16 code units; PG varchar uses character count (UTF-8). Check max lengths.; Verify VARGRAPHIC→VARCHAR lengths after encoding change (UTF-16→UTF-8).
periodo_calculo_persona_reexport,std_or_hr_period,VARGRAPHIC(24 codeunits16),periodo_calculo_persona_reexport||std_or_hr_period,varchar(24),VARGRAPHIC(24 codeunits16),varchar(24),vargraphic(24),varchar(24),Encoding/length: DB2 VARGRAPHIC uses UTF-16 code units; PG varchar uses character count (UTF-8). Check max lengths.; Verify VARGRAPHIC→VARCHAR lengths after encoding change (UTF-16→UTF-8).
periodo_consolidar_tarea,ccl_id_origen,VARGRAPHIC(24 codeunits16),periodo_consolidar_tarea||ccl_id_origen,varchar(24),VARGRAPHIC(24 codeunits16),varchar(24),vargraphic(24),varchar(24),Encoding/length: DB2 VARGRAPHIC uses UTF-16 code units; PG varchar uses character count (UTF-8). Check max lengths.; Verify VARGRAPHIC→VARCHAR lengths after encoding change (UTF-16→UTF-8).
periodo_consolidar_tarea,std_id_leg_ent,VARGRAPHIC(24 codeunits16),periodo_consolidar_tarea||std_id_leg_ent,varchar(24),VARGRAPHIC(24 codeunits16),varchar(24),vargraphic(24),varchar(24),Encoding/length: DB2 VARGRAPHIC uses UTF-16 code units; PG varchar uses character count (UTF-8). Check max lengths.; Verify VARGRAPHIC→VARCHAR lengths after encoding change (UTF-16→UTF-8).
periodo_localizacion,ccl_id_origen,VARGRAPHIC(24 codeunits16),periodo_localizacion||ccl_id_origen,varchar(24),VARGRAPHIC(24 codeunits16),varchar(24),vargraphic(24),varchar(24),Encoding/length: DB2 VARGRAPHIC uses UTF-16 code units; PG varchar uses character count (UTF-8). Check max lengths.; Verify VARGRAPHIC→VARCHAR lengths after encoding change (UTF-16→UTF-8).
periodo_localizacion,std_id_leg_ent,VARGRAPHIC(24 codeunits16),periodo_localizacion||std_id_leg_ent,varchar(24),VARGRAPHIC(24 codeunits16),varchar(24),vargraphic(24),varchar(24),Encoding/length: DB2 VARGRAPHIC uses UTF-16 code units; PG varchar uses character count (UTF-8). Check max lengths.; Verify VARGRAPHIC→VARCHAR lengths after encoding change (UTF-16→UTF-8).
periodo_localizacion,std_id_work_locat,VARGRAPHIC(24 codeunits16),periodo_localizacion||std_id_work_locat,varchar(24),VARGRAPHIC(24 codeunits16),varchar(24),vargraphic(24),varchar(24),Encoding/length: DB2 VARGRAPHIC uses UTF-16 code units; PG varchar uses character count (UTF-8). Check max lengths.; Verify VARGRAPHIC→VARCHAR lengths after encoding change (UTF-16→UTF-8).
periodo_localizacion_persona,ccl_id_origen,VARGRAPHIC(24 codeunits16),periodo_localizacion_persona||ccl_id_origen,varchar(24),VARGRAPHIC(24 codeunits16),varchar(24),vargraphic(24),varchar(24),Encoding/length: DB2 VARGRAPHIC uses UTF-16 code units; PG varchar uses character count (UTF-8). Check max lengths.; Verify VARGRAPHIC→VARCHAR lengths after encoding change (UTF-16→UTF-8).
periodo_localizacion_persona,ccl_id_person,VARGRAPHIC(24 codeunits16),periodo_localizacion_persona||ccl_id_person,varchar(24),VARGRAPHIC(24 codeunits16),varchar(24),vargraphic(24),varchar(24),Encoding/length: DB2 VARGRAPHIC uses UTF-16 code units; PG varchar uses character count (UTF-8). Check max lengths.; Verify VARGRAPHIC→VARCHAR lengths after encoding change (UTF-16→UTF-8).
periodo_localizacion_persona,std_id_leg_ent,VARGRAPHIC(24 codeunits16),periodo_localizacion_persona||std_id_leg_ent,varchar(24),VARGRAPHIC(24 codeunits16),varchar(24),vargraphic(24),varchar(24),Encoding/length: DB2 VARGRAPHIC uses UTF-16 code units; PG varchar uses character count (UTF-8). Check max lengths.; Verify VARGRAPHIC→VARCHAR lengths after encoding change (UTF-16→UTF-8).
periodo_localizacion_persona,std_id_work_locat,VARGRAPHIC(24 codeunits16),periodo_localizacion_persona||std_id_work_locat,varchar(24),VARGRAPHIC(24 codeunits16),varchar(24),vargraphic(24),varchar(24),Encoding/length: DB2 VARGRAPHIC uses UTF-16 code units; PG varchar uses character count (UTF-8). Check max lengths.; Verify VARGRAPHIC→VARCHAR lengths after encoding change (UTF-16→UTF-8).
periodo_persona,ccl_id_origen,VARGRAPHIC(24 codeunits16),periodo_persona||ccl_id_origen,varchar(24),VARGRAPHIC(24 codeunits16),varchar(24),vargraphic(24),varchar(24),Encoding/length: DB2 VARGRAPHIC uses UTF-16 code units; PG varchar uses character count (UTF-8). Check max lengths.; Verify VARGRAPHIC→VARCHAR lengths after encoding change (UTF-16→UTF-8).
periodo_persona,ccl_id_person,VARGRAPHIC(24 codeunits16),periodo_persona||ccl_id_person,varchar(24),VARGRAPHIC(24 codeunits16),varchar(24),vargraphic(24),varchar(24),Encoding/length: DB2 VARGRAPHIC uses UTF-16 code units; PG varchar uses character count (UTF-8). Check max lengths.; Verify VARGRAPHIC→VARCHAR lengths after encoding change (UTF-16→UTF-8).
periodo_persona,std_id_leg_ent,VARGRAPHIC(24 codeunits16),periodo_persona||std_id_leg_ent,varchar(24),VARGRAPHIC(24 codeunits16),varchar(24),vargraphic(24),varchar(24),Encoding/length: DB2 VARGRAPHIC uses UTF-16 code units; PG varchar uses character count (UTF-8). Check max lengths.; Verify VARGRAPHIC→VARCHAR lengths after encoding change (UTF-16→UTF-8).
proceso,id_organization,VARGRAPHIC(24 codeunits16),proceso||id_organization,varchar(24),VARGRAPHIC(24 codeunits16),varchar(24),vargraphic(24),varchar(24),Encoding/length: DB2 VARGRAPHIC uses UTF-16 code units; PG varchar uses character count (UTF-8). Check max lengths.; Verify VARGRAPHIC→VARCHAR lengths after encoding change (UTF-16→UTF-8).
proceso,id_proceso,BIGINT generated always as identity (start with 1 minvalue -9223372036854775808),proceso||id_proceso,bigint generated always as identity (start with 1),BIGINT generated always as identity (start with 1 minvalue -9223372036854775808),bigint generated always as identity (start with 1),bigint generated always as identity(start with 1 minvalue -9223372036854775808),bigint generated always as identity(start with 1),
proceso_ambito_empresa,ccl_id_origen,VARGRAPHIC(24 codeunits16),proceso_ambito_empresa||ccl_id_origen,varchar(24),VARGRAPHIC(24 codeunits16),varchar(24),vargraphic(24),varchar(24),Encoding/length: DB2 VARGRAPHIC uses UTF-16 code units; PG varchar uses character count (UTF-8). Check max lengths.; Verify VARGRAPHIC→VARCHAR lengths after encoding change (UTF-16→UTF-8).
proceso_ambito_empresa,id_proceso_ambito_empresa,BIGINT generated always as identity (start with 1 minvalue -9223372036854775808),proceso_ambito_empresa||id_proceso_ambito_empresa,bigint generated always as identity (start with 1),BIGINT generated always as identity (start with 1 minvalue -9223372036854775808),bigint generated always as identity (start with 1),bigint generated always as identity(start with 1 minvalue -9223372036854775808),bigint generated always as identity(start with 1),
proceso_ambito_empresa,std_id_leg_ent,VARGRAPHIC(24 codeunits16),proceso_ambito_empresa||std_id_leg_ent,varchar(24),VARGRAPHIC(24 codeunits16),varchar(24),vargraphic(24),varchar(24),Encoding/length: DB2 VARGRAPHIC uses UTF-16 code units; PG varchar uses character count (UTF-8). Check max lengths.; Verify VARGRAPHIC→VARCHAR lengths after encoding change (UTF-16→UTF-8).
proceso_ambito_localizacion,ccl_id_origen,VARGRAPHIC(24 codeunits16),proceso_ambito_localizacion||ccl_id_origen,varchar(24),VARGRAPHIC(24 codeunits16),varchar(24),vargraphic(24),varchar(24),Encoding/length: DB2 VARGRAPHIC uses UTF-16 code units; PG varchar uses character count (UTF-8). Check max lengths.; Verify VARGRAPHIC→VARCHAR lengths after encoding change (UTF-16→UTF-8).
proceso_ambito_localizacion,id_proceso_ambito_localizacion,BIGINT generated always as identity (start with 1 minvalue -9223372036854775808),proceso_ambito_localizacion||id_proceso_ambito_localizacion,bigint generated always as identity (start with 1),BIGINT generated always as identity (start with 1 minvalue -9223372036854775808),bigint generated always as identity (start with 1),bigint generated always as identity(start with 1 minvalue -9223372036854775808),bigint generated always as identity(start with 1),
proceso_ambito_localizacion,std_id_leg_ent,VARGRAPHIC(24 codeunits16),proceso_ambito_localizacion||std_id_leg_ent,varchar(24),VARGRAPHIC(24 codeunits16),varchar(24),vargraphic(24),varchar(24),Encoding/length: DB2 VARGRAPHIC uses UTF-16 code units; PG varchar uses character count (UTF-8). Check max lengths.; Verify VARGRAPHIC→VARCHAR lengths after encoding change (UTF-16→UTF-8).
proceso_ambito_localizacion,std_id_work_locat,VARGRAPHIC(24 codeunits16),proceso_ambito_localizacion||std_id_work_locat,varchar(24),VARGRAPHIC(24 codeunits16),varchar(24),vargraphic(24),varchar(24),Encoding/length: DB2 VARGRAPHIC uses UTF-16 code units; PG varchar uses character count (UTF-8). Check max lengths.; Verify VARGRAPHIC→VARCHAR lengths after encoding change (UTF-16→UTF-8).
proceso_ambito_origen,ccl_id_origen,VARGRAPHIC(24 codeunits16),proceso_ambito_origen||ccl_id_origen,varchar(24),VARGRAPHIC(24 codeunits16),varchar(24),vargraphic(24),varchar(24),Encoding/length: DB2 VARGRAPHIC uses UTF-16 code units; PG varchar uses character count (UTF-8). Check max lengths.; Verify VARGRAPHIC→VARCHAR lengths after encoding change (UTF-16→UTF-8).
proceso_ambito_origen,id_proceso_ambito_origen,BIGINT generated always as identity (start with 1 minvalue -9223372036854775808),proceso_ambito_origen||id_proceso_ambito_origen,bigint generated always as identity (start with 1),BIGINT generated always as identity (start with 1 minvalue -9223372036854775808),bigint generated always as identity (start with 1),bigint generated always as identity(start with 1 minvalue -9223372036854775808),bigint generated always as identity(start with 1),
proceso_ambito_persona,ccl_id_origen,VARGRAPHIC(24 codeunits16),proceso_ambito_persona||ccl_id_origen,varchar(24),VARGRAPHIC(24 codeunits16),varchar(24),vargraphic(24),varchar(24),Encoding/length: DB2 VARGRAPHIC uses UTF-16 code units; PG varchar uses character count (UTF-8). Check max lengths.; Verify VARGRAPHIC→VARCHAR lengths after encoding change (UTF-16→UTF-8).
proceso_ambito_persona,ccl_id_person,VARGRAPHIC(24 codeunits16),proceso_ambito_persona||ccl_id_person,varchar(24),VARGRAPHIC(24 codeunits16),varchar(24),vargraphic(24),varchar(24),Encoding/length: DB2 VARGRAPHIC uses UTF-16 code units; PG varchar uses character count (UTF-8). Check max lengths.; Verify VARGRAPHIC→VARCHAR lengths after encoding change (UTF-16→UTF-8).
proceso_ambito_persona,id_proceso_ambito_persona,BIGINT generated always as identity (start with 1 minvalue -9223372036854775808),proceso_ambito_persona||id_proceso_ambito_persona,bigint generated always as identity (start with 1),BIGINT generated always as identity (start with 1 minvalue -9223372036854775808),bigint generated always as identity (start with 1),bigint generated always as identity(start with 1 minvalue -9223372036854775808),bigint generated always as identity(start with 1),
proceso_ambito_persona,std_id_leg_ent,VARGRAPHIC(24 codeunits16),proceso_ambito_persona||std_id_leg_ent,varchar(24),VARGRAPHIC(24 codeunits16),varchar(24),vargraphic(24),varchar(24),Encoding/length: DB2 VARGRAPHIC uses UTF-16 code units; PG varchar uses character count (UTF-8). Check max lengths.; Verify VARGRAPHIC→VARCHAR lengths after encoding change (UTF-16→UTF-8).
proceso_ambito_persona,std_or_hr_period,VARGRAPHIC(24 codeunits16),proceso_ambito_persona||std_or_hr_period,varchar(24),VARGRAPHIC(24 codeunits16),varchar(24),vargraphic(24),varchar(24),Encoding/length: DB2 VARGRAPHIC uses UTF-16 code units; PG varchar uses character count (UTF-8). Check max lengths.; Verify VARGRAPHIC→VARCHAR lengths after encoding change (UTF-16→UTF-8).
programacion,hora_programacion,TIME,programacion||hora_programacion,time without time zone,TIME,time without time zone,time,time without time zone,
programacion_ambito,id_organization,VARGRAPHIC(24 codeunits16),programacion_ambito||id_organization,varchar(24),VARGRAPHIC(24 codeunits16),varchar(24),vargraphic(24),varchar(24),Encoding/length: DB2 VARGRAPHIC uses UTF-16 code units; PG varchar uses character count (UTF-8). Check max lengths.; Verify VARGRAPHIC→VARCHAR lengths after encoding change (UTF-16→UTF-8).
programacion_ambito_empresa,std_id_leg_ent,VARGRAPHIC(24 codeunits16),programacion_ambito_empresa||std_id_leg_ent,varchar(24),VARGRAPHIC(24 codeunits16),varchar(24),vargraphic(24),varchar(24),Encoding/length: DB2 VARGRAPHIC uses UTF-16 code units; PG varchar uses character count (UTF-8). Check max lengths.; Verify VARGRAPHIC→VARCHAR lengths after encoding change (UTF-16→UTF-8).
programacion_ambito_localizacion,ccl_id_origen,VARGRAPHIC(24 codeunits16),programacion_ambito_localizacion||ccl_id_origen,varchar(24),VARGRAPHIC(24 codeunits16),varchar(24),vargraphic(24),varchar(24),Encoding/length: DB2 VARGRAPHIC uses UTF-16 code units; PG varchar uses character count (UTF-8). Check max lengths.; Verify VARGRAPHIC→VARCHAR lengths after encoding change (UTF-16→UTF-8).
programacion_ambito_localizacion,std_id_leg_ent,VARGRAPHIC(24 codeunits16),programacion_ambito_localizacion||std_id_leg_ent,varchar(24),VARGRAPHIC(24 codeunits16),varchar(24),vargraphic(24),varchar(24),Encoding/length: DB2 VARGRAPHIC uses UTF-16 code units; PG varchar uses character count (UTF-8). Check max lengths.; Verify VARGRAPHIC→VARCHAR lengths after encoding change (UTF-16→UTF-8).
programacion_ambito_localizacion,std_id_work_locat,VARGRAPHIC(24 codeunits16),programacion_ambito_localizacion||std_id_work_locat,varchar(24),VARGRAPHIC(24 codeunits16),varchar(24),vargraphic(24),varchar(24),Encoding/length: DB2 VARGRAPHIC uses UTF-16 code units; PG varchar uses character count (UTF-8). Check max lengths.; Verify VARGRAPHIC→VARCHAR lengths after encoding change (UTF-16→UTF-8).
programacion_ambito_origen,ccl_id_origen,VARGRAPHIC(24 codeunits16),programacion_ambito_origen||ccl_id_origen,varchar(24),VARGRAPHIC(24 codeunits16),varchar(24),vargraphic(24),varchar(24),Encoding/length: DB2 VARGRAPHIC uses UTF-16 code units; PG varchar uses character count (UTF-8). Check max lengths.; Verify VARGRAPHIC→VARCHAR lengths after encoding change (UTF-16→UTF-8).
programacion_ambito_persona,ccl_id_origen,VARGRAPHIC(24 codeunits16),programacion_ambito_persona||ccl_id_origen,varchar(24),VARGRAPHIC(24 codeunits16),varchar(24),vargraphic(24),varchar(24),Encoding/length: DB2 VARGRAPHIC uses UTF-16 code units; PG varchar uses character count (UTF-8). Check max lengths.; Verify VARGRAPHIC→VARCHAR lengths after encoding change (UTF-16→UTF-8).
programacion_ambito_persona,ccl_id_person,VARGRAPHIC(24 codeunits16),programacion_ambito_persona||ccl_id_person,varchar(24),VARGRAPHIC(24 codeunits16),varchar(24),vargraphic(24),varchar(24),Encoding/length: DB2 VARGRAPHIC uses UTF-16 code units; PG varchar uses character count (UTF-8). Check max lengths.; Verify VARGRAPHIC→VARCHAR lengths after encoding change (UTF-16→UTF-8).
programacion_ambito_persona,std_id_leg_ent,VARGRAPHIC(24 codeunits16),programacion_ambito_persona||std_id_leg_ent,varchar(24),VARGRAPHIC(24 codeunits16),varchar(24),vargraphic(24),varchar(24),Encoding/length: DB2 VARGRAPHIC uses UTF-16 code units; PG varchar uses character count (UTF-8). Check max lengths.; Verify VARGRAPHIC→VARCHAR lengths after encoding change (UTF-16→UTF-8).
programacion_ambito_persona,std_or_hr_period,VARGRAPHIC(24 codeunits16),programacion_ambito_persona||std_or_hr_period,varchar(24),VARGRAPHIC(24 codeunits16),varchar(24),vargraphic(24),varchar(24),Encoding/length: DB2 VARGRAPHIC uses UTF-16 code units; PG varchar uses character count (UTF-8). Check max lengths.; Verify VARGRAPHIC→VARCHAR lengths after encoding change (UTF-16→UTF-8).
regla_empleado_externo_meta4,ccl_id_origen,VARGRAPHIC(24 codeunits16),regla_empleado_externo_meta4||ccl_id_origen,varchar(24),VARGRAPHIC(24 codeunits16),varchar(24),vargraphic(24),varchar(24),Encoding/length: DB2 VARGRAPHIC uses UTF-16 code units; PG varchar uses character count (UTF-8). Check max lengths.; Verify VARGRAPHIC→VARCHAR lengths after encoding change (UTF-16→UTF-8).
regla_empleado_externo_meta4,id_organization,VARGRAPHIC(24 codeunits16),regla_empleado_externo_meta4||id_organization,varchar(24),VARGRAPHIC(24 codeunits16),varchar(24),vargraphic(24),varchar(24),Encoding/length: DB2 VARGRAPHIC uses UTF-16 code units; PG varchar uses character count (UTF-8). Check max lengths.; Verify VARGRAPHIC→VARCHAR lengths after encoding change (UTF-16→UTF-8).
regla_empleado_externo_meta4,std_id_hr_type,VARGRAPHIC(24 codeunits16),regla_empleado_externo_meta4||std_id_hr_type,varchar(24),VARGRAPHIC(24 codeunits16),varchar(24),vargraphic(24),varchar(24),Encoding/length: DB2 VARGRAPHIC uses UTF-16 code units; PG varchar uses character count (UTF-8). Check max lengths.; Verify VARGRAPHIC→VARCHAR lengths after encoding change (UTF-16→UTF-8).
regla_empleado_externo_meta4,std_id_leg_ent,VARGRAPHIC(24 codeunits16),regla_empleado_externo_meta4||std_id_leg_ent,varchar(24),VARGRAPHIC(24 codeunits16),varchar(24),vargraphic(24),varchar(24),Encoding/length: DB2 VARGRAPHIC uses UTF-16 code units; PG varchar uses character count (UTF-8). Check max lengths.; Verify VARGRAPHIC→VARCHAR lengths after encoding change (UTF-16→UTF-8).
regla_validacion_excedidos,ccl_id_origen,VARGRAPHIC(24 codeunits16),regla_validacion_excedidos||ccl_id_origen,varchar(24),VARGRAPHIC(24 codeunits16),varchar(24),vargraphic(24),varchar(24),Encoding/length: DB2 VARGRAPHIC uses UTF-16 code units; PG varchar uses character count (UTF-8). Check max lengths.; Verify VARGRAPHIC→VARCHAR lengths after encoding change (UTF-16→UTF-8).
regla_validacion_excedidos,id_tipo_calculo,VARGRAPHIC(12 codeunits16),regla_validacion_excedidos||id_tipo_calculo,varchar(12),VARGRAPHIC(12 codeunits16),varchar(12),vargraphic(12),varchar(12),Encoding/length: DB2 VARGRAPHIC uses UTF-16 code units; PG varchar uses character count (UTF-8). Check max lengths.; Verify VARGRAPHIC→VARCHAR lengths after encoding change (UTF-16→UTF-8).
regla_validacion_excedidos,std_id_leg_ent,VARGRAPHIC(24 codeunits16),regla_validacion_excedidos||std_id_leg_ent,varchar(24),VARGRAPHIC(24 codeunits16),varchar(24),vargraphic(24),varchar(24),Encoding/length: DB2 VARGRAPHIC uses UTF-16 code units; PG varchar uses character count (UTF-8). Check max lengths.; Verify VARGRAPHIC→VARCHAR lengths after encoding change (UTF-16→UTF-8).
simulacion,ccl_id_cadena,VARGRAPHIC(12 codeunits16),simulacion||ccl_id_cadena,varchar(12),VARGRAPHIC(12 codeunits16),varchar(12),vargraphic(12),varchar(12),Encoding/length: DB2 VARGRAPHIC uses UTF-16 code units; PG varchar uses character count (UTF-8). Check max lengths.; Verify VARGRAPHIC→VARCHAR lengths after encoding change (UTF-16→UTF-8).
simulacion,ccl_id_cod_origen,VARGRAPHIC(24 codeunits16),simulacion||ccl_id_cod_origen,varchar(24),VARGRAPHIC(24 codeunits16),varchar(24),vargraphic(24),varchar(24),Encoding/length: DB2 VARGRAPHIC uses UTF-16 code units; PG varchar uses character count (UTF-8). Check max lengths.; Verify VARGRAPHIC→VARCHAR lengths after encoding change (UTF-16→UTF-8).
simulacion,ccl_id_origen,VARGRAPHIC(24 codeunits16),simulacion||ccl_id_origen,varchar(24),VARGRAPHIC(24 codeunits16),varchar(24),vargraphic(24),varchar(24),Encoding/length: DB2 VARGRAPHIC uses UTF-16 code units; PG varchar uses character count (UTF-8). Check max lengths.; Verify VARGRAPHIC→VARCHAR lengths after encoding change (UTF-16→UTF-8).
simulacion,ccl_id_person,VARGRAPHIC(24 codeunits16),simulacion||ccl_id_person,varchar(24),VARGRAPHIC(24 codeunits16),varchar(24),vargraphic(24),varchar(24),Encoding/length: DB2 VARGRAPHIC uses UTF-16 code units; PG varchar uses character count (UTF-8). Check max lengths.; Verify VARGRAPHIC→VARCHAR lengths after encoding change (UTF-16→UTF-8).
simulacion,std_id_hr,VARGRAPHIC(9 codeunits16),simulacion||std_id_hr,varchar(9),VARGRAPHIC(9 codeunits16),varchar(9),vargraphic(9),varchar(9),Encoding/length: DB2 VARGRAPHIC uses UTF-16 code units; PG varchar uses character count (UTF-8). Check max lengths.; Verify VARGRAPHIC→VARCHAR lengths after encoding change (UTF-16→UTF-8).
simulacion,std_id_leg_ent,VARGRAPHIC(24 codeunits16),simulacion||std_id_leg_ent,varchar(24),VARGRAPHIC(24 codeunits16),varchar(24),vargraphic(24),varchar(24),Encoding/length: DB2 VARGRAPHIC uses UTF-16 code units; PG varchar uses character count (UTF-8). Check max lengths.; Verify VARGRAPHIC→VARCHAR lengths after encoding change (UTF-16→UTF-8).
simulacion,std_id_work_locat,VARGRAPHIC(24 codeunits16),simulacion||std_id_work_locat,varchar(24),VARGRAPHIC(24 codeunits16),varchar(24),vargraphic(24),varchar(24),Encoding/length: DB2 VARGRAPHIC uses UTF-16 code units; PG varchar uses character count (UTF-8). Check max lengths.; Verify VARGRAPHIC→VARCHAR lengths after encoding change (UTF-16→UTF-8).
simulacion,std_or_hr_period,VARGRAPHIC(24 codeunits16),simulacion||std_or_hr_period,varchar(24),VARGRAPHIC(24 codeunits16),varchar(24),vargraphic(24),varchar(24),Encoding/length: DB2 VARGRAPHIC uses UTF-16 code units; PG varchar uses character count (UTF-8). Check max lengths.; Verify VARGRAPHIC→VARCHAR lengths after encoding change (UTF-16→UTF-8).
simulacion_localizacion_banda_excepcion,ccl_id_cod_origen,VARGRAPHIC(24 codeunits16),simulacion_localizacion_banda_excepcion||ccl_id_cod_origen,varchar(24),VARGRAPHIC(24 codeunits16),varchar(24),vargraphic(24),varchar(24),Encoding/length: DB2 VARGRAPHIC uses UTF-16 code units; PG varchar uses character count (UTF-8). Check max lengths.; Verify VARGRAPHIC→VARCHAR lengths after encoding change (UTF-16→UTF-8).
simulacion_localizacion_banda_excepcion,ccl_id_seccion,VARGRAPHIC(2 codeunits16),simulacion_localizacion_banda_excepcion||ccl_id_seccion,varchar(2),VARGRAPHIC(2 codeunits16),varchar(2),vargraphic(2),varchar(2),Encoding/length: DB2 VARGRAPHIC uses UTF-16 code units; PG varchar uses character count (UTF-8). Check max lengths.; Verify VARGRAPHIC→VARCHAR lengths after encoding change (UTF-16→UTF-8).
simulacion_localizacion_banda_excepcion,id_simulacion_localizacion_banda_excepcion,BIGINT generated always as identity (start with 1 minvalue -9223372036854775808),simulacion_localizacion_banda_excepcion||id_simulacion_localizacion_banda_excepcion,bigint generated always as identity (start with 1),BIGINT generated always as identity (start with 1 minvalue -9223372036854775808),bigint generated always as identity (start with 1),bigint generated always as identity(start with 1 minvalue -9223372036854775808),bigint generated always as identity(start with 1),
tarea,id_organization,VARGRAPHIC(24 codeunits16),tarea||id_organization,varchar(24),VARGRAPHIC(24 codeunits16),varchar(24),vargraphic(24),varchar(24),Encoding/length: DB2 VARGRAPHIC uses UTF-16 code units; PG varchar uses character count (UTF-8). Check max lengths.; Verify VARGRAPHIC→VARCHAR lengths after encoding change (UTF-16→UTF-8).
tarea,std_id_leg_ent,VARGRAPHIC(24 codeunits16),tarea||std_id_leg_ent,varchar(24),VARGRAPHIC(24 codeunits16),varchar(24),vargraphic(24),varchar(24),Encoding/length: DB2 VARGRAPHIC uses UTF-16 code units; PG varchar uses character count (UTF-8). Check max lengths.; Verify VARGRAPHIC→VARCHAR lengths after encoding change (UTF-16→UTF-8).
tarea_agrupacion_cadena,ccl_id_cadena,VARGRAPHIC(24 codeunits16),tarea_agrupacion_cadena||ccl_id_cadena,varchar(24),VARGRAPHIC(24 codeunits16),varchar(24),vargraphic(24),varchar(24),Encoding/length: DB2 VARGRAPHIC uses UTF-16 code units; PG varchar uses character count (UTF-8). Check max lengths.; Verify VARGRAPHIC→VARCHAR lengths after encoding change (UTF-16→UTF-8).
tarea_agrupacion_cadena,ccl_id_origen,VARGRAPHIC(24 codeunits16),tarea_agrupacion_cadena||ccl_id_origen,varchar(24),VARGRAPHIC(24 codeunits16),varchar(24),vargraphic(24),varchar(24),Encoding/length: DB2 VARGRAPHIC uses UTF-16 code units; PG varchar uses character count (UTF-8). Check max lengths.; Verify VARGRAPHIC→VARCHAR lengths after encoding change (UTF-16→UTF-8).
tarea_agrupacion_configuracion,ccl_id_origen,VARGRAPHIC(24 codeunits16),tarea_agrupacion_configuracion||ccl_id_origen,varchar(24),VARGRAPHIC(24 codeunits16),varchar(24),vargraphic(24),varchar(24),Encoding/length: DB2 VARGRAPHIC uses UTF-16 code units; PG varchar uses character count (UTF-8). Check max lengths.; Verify VARGRAPHIC→VARCHAR lengths after encoding change (UTF-16→UTF-8).
tarea_agrupacion_configuracion_challenge_tipo_venta,ccl_id_origen,VARGRAPHIC(24 codeunits16),tarea_agrupacion_configuracion_challenge_tipo_venta||ccl_id_origen,varchar(24),VARGRAPHIC(24 codeunits16),varchar(24),vargraphic(24),varchar(24),Encoding/length: DB2 VARGRAPHIC uses UTF-16 code units; PG varchar uses character count (UTF-8). Check max lengths.; Verify VARGRAPHIC→VARCHAR lengths after encoding change (UTF-16→UTF-8).
tarea_agrupacion_presencia,ccl_id_origen,VARGRAPHIC(24 codeunits16),tarea_agrupacion_presencia||ccl_id_origen,varchar(24),VARGRAPHIC(24 codeunits16),varchar(24),vargraphic(24),varchar(24),Encoding/length: DB2 VARGRAPHIC uses UTF-16 code units; PG varchar uses character count (UTF-8). Check max lengths.; Verify VARGRAPHIC→VARCHAR lengths after encoding change (UTF-16→UTF-8).
tarea_agrupacion_presencia,ccl_id_seccion,VARGRAPHIC(2 codeunits16),tarea_agrupacion_presencia||ccl_id_seccion,varchar(2),VARGRAPHIC(2 codeunits16),varchar(2),vargraphic(2),varchar(2),Encoding/length: DB2 VARGRAPHIC uses UTF-16 code units; PG varchar uses character count (UTF-8). Check max lengths.; Verify VARGRAPHIC→VARCHAR lengths after encoding change (UTF-16→UTF-8).
tarea_agrupacion_venta,ccl_id_origen,VARGRAPHIC(24 codeunits16),tarea_agrupacion_venta||ccl_id_origen,varchar(24),VARGRAPHIC(24 codeunits16),varchar(24),vargraphic(24),varchar(24),Encoding/length: DB2 VARGRAPHIC uses UTF-16 code units; PG varchar uses character count (UTF-8). Check max lengths.; Verify VARGRAPHIC→VARCHAR lengths after encoding change (UTF-16→UTF-8).
tarea_agrupacion_venta,ccl_id_seccion,VARGRAPHIC(2 codeunits16),tarea_agrupacion_venta||ccl_id_seccion,varchar(2),VARGRAPHIC(2 codeunits16),varchar(2),vargraphic(2),varchar(2),Encoding/length: DB2 VARGRAPHIC uses UTF-16 code units; PG varchar uses character count (UTF-8). Check max lengths.; Verify VARGRAPHIC→VARCHAR lengths after encoding change (UTF-16→UTF-8).
tarea_ambito,ccl_id_origen,VARGRAPHIC(24 codeunits16),tarea_ambito||ccl_id_origen,varchar(24),VARGRAPHIC(24 codeunits16),varchar(24),vargraphic(24),varchar(24),Encoding/length: DB2 VARGRAPHIC uses UTF-16 code units; PG varchar uses character count (UTF-8). Check max lengths.; Verify VARGRAPHIC→VARCHAR lengths after encoding change (UTF-16→UTF-8).
tarea_ambito_global_empresa,ccl_id_origen,VARGRAPHIC(24 codeunits16),tarea_ambito_global_empresa||ccl_id_origen,varchar(24),VARGRAPHIC(24 codeunits16),varchar(24),vargraphic(24),varchar(24),Encoding/length: DB2 VARGRAPHIC uses UTF-16 code units; PG varchar uses character count (UTF-8). Check max lengths.; Verify VARGRAPHIC→VARCHAR lengths after encoding change (UTF-16→UTF-8).
tarea_ambito_global_empresa,id_tarea_ambito_global_empresa,BIGINT generated always as identity (start with 1 minvalue -9223372036854775808),tarea_ambito_global_empresa||id_tarea_ambito_global_empresa,bigint generated always as identity (start with 1),BIGINT generated always as identity (start with 1 minvalue -9223372036854775808),bigint generated always as identity (start with 1),bigint generated always as identity(start with 1 minvalue -9223372036854775808),bigint generated always as identity(start with 1),
tarea_ambito_global_empresa,std_id_leg_ent,VARGRAPHIC(24 codeunits16),tarea_ambito_global_empresa||std_id_leg_ent,varchar(24),VARGRAPHIC(24 codeunits16),varchar(24),vargraphic(24),varchar(24),Encoding/length: DB2 VARGRAPHIC uses UTF-16 code units; PG varchar uses character count (UTF-8). Check max lengths.; Verify VARGRAPHIC→VARCHAR lengths after encoding change (UTF-16→UTF-8).
tarea_ambito_global_fecha,id_tarea_ambito_global_fecha,BIGINT generated always as identity (start with 1 minvalue -9223372036854775808),tarea_ambito_global_fecha||id_tarea_ambito_global_fecha,bigint generated always as identity (start with 1),BIGINT generated always as identity (start with 1 minvalue -9223372036854775808),bigint generated always as identity (start with 1),bigint generated always as identity(start with 1 minvalue -9223372036854775808),bigint generated always as identity(start with 1),
tarea_ambito_global_localizacion,ccl_id_origen,VARGRAPHIC(24 codeunits16),tarea_ambito_global_localizacion||ccl_id_origen,varchar(24),VARGRAPHIC(24 codeunits16),varchar(24),vargraphic(24),varchar(24),Encoding/length: DB2 VARGRAPHIC uses UTF-16 code units; PG varchar uses character count (UTF-8). Check max lengths.; Verify VARGRAPHIC→VARCHAR lengths after encoding change (UTF-16→UTF-8).
tarea_ambito_global_localizacion,std_id_leg_ent,VARGRAPHIC(24 codeunits16),tarea_ambito_global_localizacion||std_id_leg_ent,varchar(24),VARGRAPHIC(24 codeunits16),varchar(24),vargraphic(24),varchar(24),Encoding/length: DB2 VARGRAPHIC uses UTF-16 code units; PG varchar uses character count (UTF-8). Check max lengths.; Verify VARGRAPHIC→VARCHAR lengths after encoding change (UTF-16→UTF-8).
tarea_ambito_global_localizacion,std_id_work_locat,VARGRAPHIC(24 codeunits16),tarea_ambito_global_localizacion||std_id_work_locat,varchar(24),VARGRAPHIC(24 codeunits16),varchar(24),vargraphic(24),varchar(24),Encoding/length: DB2 VARGRAPHIC uses UTF-16 code units; PG varchar uses character count (UTF-8). Check max lengths.; Verify VARGRAPHIC→VARCHAR lengths after encoding change (UTF-16→UTF-8).
tarea_ambito_global_localizacion_persona,ccl_id_origen,VARGRAPHIC(24 codeunits16),tarea_ambito_global_localizacion_persona||ccl_id_origen,varchar(24),VARGRAPHIC(24 codeunits16),varchar(24),vargraphic(24),varchar(24),Encoding/length: DB2 VARGRAPHIC uses UTF-16 code units; PG varchar uses character count (UTF-8). Check max lengths.; Verify VARGRAPHIC→VARCHAR lengths after encoding change (UTF-16→UTF-8).
tarea_ambito_global_localizacion_persona,ccl_id_person,VARGRAPHIC(24 codeunits16),tarea_ambito_global_localizacion_persona||ccl_id_person,varchar(24),VARGRAPHIC(24 codeunits16),varchar(24),vargraphic(24),varchar(24),Encoding/length: DB2 VARGRAPHIC uses UTF-16 code units; PG varchar uses character count (UTF-8). Check max lengths.; Verify VARGRAPHIC→VARCHAR lengths after encoding change (UTF-16→UTF-8).
tarea_ambito_global_localizacion_persona,std_id_leg_ent,VARGRAPHIC(24 codeunits16),tarea_ambito_global_localizacion_persona||std_id_leg_ent,varchar(24),VARGRAPHIC(24 codeunits16),varchar(24),vargraphic(24),varchar(24),Encoding/length: DB2 VARGRAPHIC uses UTF-16 code units; PG varchar uses character count (UTF-8). Check max lengths.; Verify VARGRAPHIC→VARCHAR lengths after encoding change (UTF-16→UTF-8).
tarea_ambito_global_localizacion_persona,std_id_work_locat,VARGRAPHIC(24 codeunits16),tarea_ambito_global_localizacion_persona||std_id_work_locat,varchar(24),VARGRAPHIC(24 codeunits16),varchar(24),vargraphic(24),varchar(24),Encoding/length: DB2 VARGRAPHIC uses UTF-16 code units; PG varchar uses character count (UTF-8). Check max lengths.; Verify VARGRAPHIC→VARCHAR lengths after encoding change (UTF-16→UTF-8).
tarea_ambito_global_localizacion_persona_desplazamiento,ccl_id_origen,VARGRAPHIC(24 codeunits16),tarea_ambito_global_localizacion_persona_desplazamiento||ccl_id_origen,varchar(24),VARGRAPHIC(24 codeunits16),varchar(24),vargraphic(24),varchar(24),Encoding/length: DB2 VARGRAPHIC uses UTF-16 code units; PG varchar uses character count (UTF-8). Check max lengths.; Verify VARGRAPHIC→VARCHAR lengths after encoding change (UTF-16→UTF-8).
tarea_ambito_global_localizacion_persona_desplazamiento,ccl_id_person,VARGRAPHIC(24 codeunits16),tarea_ambito_global_localizacion_persona_desplazamiento||ccl_id_person,varchar(24),VARGRAPHIC(24 codeunits16),varchar(24),vargraphic(24),varchar(24),Encoding/length: DB2 VARGRAPHIC uses UTF-16 code units; PG varchar uses character count (UTF-8). Check max lengths.; Verify VARGRAPHIC→VARCHAR lengths after encoding change (UTF-16→UTF-8).
tarea_ambito_global_localizacion_persona_desplazamiento,std_id_leg_ent,VARGRAPHIC(24 codeunits16),tarea_ambito_global_localizacion_persona_desplazamiento||std_id_leg_ent,varchar(24),VARGRAPHIC(24 codeunits16),varchar(24),vargraphic(24),varchar(24),Encoding/length: DB2 VARGRAPHIC uses UTF-16 code units; PG varchar uses character count (UTF-8). Check max lengths.; Verify VARGRAPHIC→VARCHAR lengths after encoding change (UTF-16→UTF-8).
tarea_ambito_global_localizacion_persona_desplazamiento,std_id_work_locat,VARGRAPHIC(24 codeunits16),tarea_ambito_global_localizacion_persona_desplazamiento||std_id_work_locat,varchar(24),VARGRAPHIC(24 codeunits16),varchar(24),vargraphic(24),varchar(24),Encoding/length: DB2 VARGRAPHIC uses UTF-16 code units; PG varchar uses character count (UTF-8). Check max lengths.; Verify VARGRAPHIC→VARCHAR lengths after encoding change (UTF-16→UTF-8).
tarea_ambito_global_localizacion_persona_presencia,ccl_id_cod_origen,VARGRAPHIC(24 codeunits16),tarea_ambito_global_localizacion_persona_presencia||ccl_id_cod_origen,varchar(24),VARGRAPHIC(24 codeunits16),varchar(24),vargraphic(24),varchar(24),Encoding/length: DB2 VARGRAPHIC uses UTF-16 code units; PG varchar uses character count (UTF-8). Check max lengths.; Verify VARGRAPHIC→VARCHAR lengths after encoding change (UTF-16→UTF-8).
tarea_ambito_global_localizacion_persona_presencia,ccl_id_origen,VARGRAPHIC(24 codeunits16),tarea_ambito_global_localizacion_persona_presencia||ccl_id_origen,varchar(24),VARGRAPHIC(24 codeunits16),varchar(24),vargraphic(24),varchar(24),Encoding/length: DB2 VARGRAPHIC uses UTF-16 code units; PG varchar uses character count (UTF-8). Check max lengths.; Verify VARGRAPHIC→VARCHAR lengths after encoding change (UTF-16→UTF-8).
tarea_ambito_global_localizacion_persona_presencia,ccl_id_person,VARGRAPHIC(24 codeunits16),tarea_ambito_global_localizacion_persona_presencia||ccl_id_person,varchar(24),VARGRAPHIC(24 codeunits16),varchar(24),vargraphic(24),varchar(24),Encoding/length: DB2 VARGRAPHIC uses UTF-16 code units; PG varchar uses character count (UTF-8). Check max lengths.; Verify VARGRAPHIC→VARCHAR lengths after encoding change (UTF-16→UTF-8).
tarea_ambito_global_localizacion_persona_presencia,std_id_leg_ent,VARGRAPHIC(24 codeunits16),tarea_ambito_global_localizacion_persona_presencia||std_id_leg_ent,varchar(24),VARGRAPHIC(24 codeunits16),varchar(24),vargraphic(24),varchar(24),Encoding/length: DB2 VARGRAPHIC uses UTF-16 code units; PG varchar uses character count (UTF-8). Check max lengths.; Verify VARGRAPHIC→VARCHAR lengths after encoding change (UTF-16→UTF-8).
tarea_ambito_global_localizacion_persona_presencia_manual,ccl_id_origen,VARGRAPHIC(24 codeunits16),tarea_ambito_global_localizacion_persona_presencia_manual||ccl_id_origen,varchar(24),VARGRAPHIC(24 codeunits16),varchar(24),vargraphic(24),varchar(24),Encoding/length: DB2 VARGRAPHIC uses UTF-16 code units; PG varchar uses character count (UTF-8). Check max lengths.; Verify VARGRAPHIC→VARCHAR lengths after encoding change (UTF-16→UTF-8).
tarea_ambito_global_localizacion_persona_presencia_manual,ccl_id_person,VARGRAPHIC(24 codeunits16),tarea_ambito_global_localizacion_persona_presencia_manual||ccl_id_person,varchar(24),VARGRAPHIC(24 codeunits16),varchar(24),vargraphic(24),varchar(24),Encoding/length: DB2 VARGRAPHIC uses UTF-16 code units; PG varchar uses character count (UTF-8). Check max lengths.; Verify VARGRAPHIC→VARCHAR lengths after encoding change (UTF-16→UTF-8).
tarea_ambito_global_localizacion_persona_presencia_manual,std_id_leg_ent,VARGRAPHIC(24 codeunits16),tarea_ambito_global_localizacion_persona_presencia_manual||std_id_leg_ent,varchar(24),VARGRAPHIC(24 codeunits16),varchar(24),vargraphic(24),varchar(24),Encoding/length: DB2 VARGRAPHIC uses UTF-16 code units; PG varchar uses character count (UTF-8). Check max lengths.; Verify VARGRAPHIC→VARCHAR lengths after encoding change (UTF-16→UTF-8).
tarea_ambito_global_localizacion_persona_presencia_manual,std_id_work_locat,VARGRAPHIC(24 codeunits16),tarea_ambito_global_localizacion_persona_presencia_manual||std_id_work_locat,varchar(24),VARGRAPHIC(24 codeunits16),varchar(24),vargraphic(24),varchar(24),Encoding/length: DB2 VARGRAPHIC uses UTF-16 code units; PG varchar uses character count (UTF-8). Check max lengths.; Verify VARGRAPHIC→VARCHAR lengths after encoding change (UTF-16→UTF-8).
tarea_ambito_global_persona,ccl_id_origen,VARGRAPHIC(24 codeunits16),tarea_ambito_global_persona||ccl_id_origen,varchar(24),VARGRAPHIC(24 codeunits16),varchar(24),vargraphic(24),varchar(24),Encoding/length: DB2 VARGRAPHIC uses UTF-16 code units; PG varchar uses character count (UTF-8). Check max lengths.; Verify VARGRAPHIC→VARCHAR lengths after encoding change (UTF-16→UTF-8).
tarea_ambito_global_persona,ccl_id_person,VARGRAPHIC(24 codeunits16),tarea_ambito_global_persona||ccl_id_person,varchar(24),VARGRAPHIC(24 codeunits16),varchar(24),vargraphic(24),varchar(24),Encoding/length: DB2 VARGRAPHIC uses UTF-16 code units; PG varchar uses character count (UTF-8). Check max lengths.; Verify VARGRAPHIC→VARCHAR lengths after encoding change (UTF-16→UTF-8).
tarea_ambito_global_persona,std_id_leg_ent,VARGRAPHIC(24 codeunits16),tarea_ambito_global_persona||std_id_leg_ent,varchar(24),VARGRAPHIC(24 codeunits16),varchar(24),vargraphic(24),varchar(24),Encoding/length: DB2 VARGRAPHIC uses UTF-16 code units; PG varchar uses character count (UTF-8). Check max lengths.; Verify VARGRAPHIC→VARCHAR lengths after encoding change (UTF-16→UTF-8).
tarea_ambito_localizacion,ccl_id_origen,VARGRAPHIC(24 codeunits16),tarea_ambito_localizacion||ccl_id_origen,varchar(24),VARGRAPHIC(24 codeunits16),varchar(24),vargraphic(24),varchar(24),Encoding/length: DB2 VARGRAPHIC uses UTF-16 code units; PG varchar uses character count (UTF-8). Check max lengths.; Verify VARGRAPHIC→VARCHAR lengths after encoding change (UTF-16→UTF-8).
tarea_ambito_localizacion,std_id_work_locat,VARGRAPHIC(24 codeunits16),tarea_ambito_localizacion||std_id_work_locat,varchar(24),VARGRAPHIC(24 codeunits16),varchar(24),vargraphic(24),varchar(24),Encoding/length: DB2 VARGRAPHIC uses UTF-16 code units; PG varchar uses character count (UTF-8). Check max lengths.; Verify VARGRAPHIC→VARCHAR lengths after encoding change (UTF-16→UTF-8).
tarea_ambito_persona,ccl_id_origen,VARGRAPHIC(24 codeunits16),tarea_ambito_persona||ccl_id_origen,varchar(24),VARGRAPHIC(24 codeunits16),varchar(24),vargraphic(24),varchar(24),Encoding/length: DB2 VARGRAPHIC uses UTF-16 code units; PG varchar uses character count (UTF-8). Check max lengths.; Verify VARGRAPHIC→VARCHAR lengths after encoding change (UTF-16→UTF-8).
tarea_ambito_persona,ccl_id_person,VARGRAPHIC(24 codeunits16),tarea_ambito_persona||ccl_id_person,varchar(24),VARGRAPHIC(24 codeunits16),varchar(24),vargraphic(24),varchar(24),Encoding/length: DB2 VARGRAPHIC uses UTF-16 code units; PG varchar uses character count (UTF-8). Check max lengths.; Verify VARGRAPHIC→VARCHAR lengths after encoding change (UTF-16→UTF-8).
tarea_ambito_persona,std_or_hr_period,VARGRAPHIC(24 codeunits16),tarea_ambito_persona||std_or_hr_period,varchar(24),VARGRAPHIC(24 codeunits16),varchar(24),vargraphic(24),varchar(24),Encoding/length: DB2 VARGRAPHIC uses UTF-16 code units; PG varchar uses character count (UTF-8). Check max lengths.; Verify VARGRAPHIC→VARCHAR lengths after encoding change (UTF-16→UTF-8).
tarea_calculo,ccl_id_person,VARGRAPHIC(24 codeunits16),tarea_calculo||ccl_id_person,varchar(24),VARGRAPHIC(24 codeunits16),varchar(24),vargraphic(24),varchar(24),Encoding/length: DB2 VARGRAPHIC uses UTF-16 code units; PG varchar uses character count (UTF-8). Check max lengths.; Verify VARGRAPHIC→VARCHAR lengths after encoding change (UTF-16→UTF-8).
tarea_calculo,id_tipo_calculo,VARGRAPHIC(12 codeunits16),tarea_calculo||id_tipo_calculo,varchar(12),VARGRAPHIC(12 codeunits16),varchar(12),vargraphic(12),varchar(12),Encoding/length: DB2 VARGRAPHIC uses UTF-16 code units; PG varchar uses character count (UTF-8). Check max lengths.; Verify VARGRAPHIC→VARCHAR lengths after encoding change (UTF-16→UTF-8).
tarea_calculo,id_tipo_comision,VARGRAPHIC(12 codeunits16),tarea_calculo||id_tipo_comision,varchar(12),VARGRAPHIC(12 codeunits16),varchar(12),vargraphic(12),varchar(12),Encoding/length: DB2 VARGRAPHIC uses UTF-16 code units; PG varchar uses character count (UTF-8). Check max lengths.; Verify VARGRAPHIC→VARCHAR lengths after encoding change (UTF-16→UTF-8).
tarea_calculo,std_id_work_locat,VARGRAPHIC(24 codeunits16),tarea_calculo||std_id_work_locat,varchar(24),VARGRAPHIC(24 codeunits16),varchar(24),vargraphic(24),varchar(24),Encoding/length: DB2 VARGRAPHIC uses UTF-16 code units; PG varchar uses character count (UTF-8). Check max lengths.; Verify VARGRAPHIC→VARCHAR lengths after encoding change (UTF-16→UTF-8).
tarea_calculo,std_id_work_locat_pago,VARGRAPHIC(24 codeunits16),tarea_calculo||std_id_work_locat_pago,varchar(24),VARGRAPHIC(24 codeunits16),varchar(24),vargraphic(24),varchar(24),Encoding/length: DB2 VARGRAPHIC uses UTF-16 code units; PG varchar uses character count (UTF-8). Check max lengths.; Verify VARGRAPHIC→VARCHAR lengths after encoding change (UTF-16→UTF-8).
tarea_calculo,std_or_hr_period,VARGRAPHIC(24 codeunits16),tarea_calculo||std_or_hr_period,varchar(24),VARGRAPHIC(24 codeunits16),varchar(24),vargraphic(24),varchar(24),Encoding/length: DB2 VARGRAPHIC uses UTF-16 code units; PG varchar uses character count (UTF-8). Check max lengths.; Verify VARGRAPHIC→VARCHAR lengths after encoding change (UTF-16→UTF-8).
tarea_calculo_ajuste,ccl_id_person,VARGRAPHIC(24 codeunits16),tarea_calculo_ajuste||ccl_id_person,varchar(24),VARGRAPHIC(24 codeunits16),varchar(24),vargraphic(24),varchar(24),Encoding/length: DB2 VARGRAPHIC uses UTF-16 code units; PG varchar uses character count (UTF-8). Check max lengths.; Verify VARGRAPHIC→VARCHAR lengths after encoding change (UTF-16→UTF-8).
tarea_calculo_ajuste,id_tarea_calculo_ajuste,BIGINT generated always as identity (start with 1 minvalue 0),tarea_calculo_ajuste||id_tarea_calculo_ajuste,bigint generated always as identity (start with 1),BIGINT generated always as identity (start with 1 minvalue 0),bigint generated always as identity (start with 1),bigint generated always as identity(start with 1 minvalue 0),bigint generated always as identity(start with 1),
tarea_calculo_ajuste,std_or_hr_period,VARGRAPHIC(24 codeunits16),tarea_calculo_ajuste||std_or_hr_period,varchar(24),VARGRAPHIC(24 codeunits16),varchar(24),vargraphic(24),varchar(24),Encoding/length: DB2 VARGRAPHIC uses UTF-16 code units; PG varchar uses character count (UTF-8). Check max lengths.; Verify VARGRAPHIC→VARCHAR lengths after encoding change (UTF-16→UTF-8).
tarea_calculo_ajuste_comision,ccl_id_person,VARGRAPHIC(24 codeunits16),tarea_calculo_ajuste_comision||ccl_id_person,varchar(24),VARGRAPHIC(24 codeunits16),varchar(24),vargraphic(24),varchar(24),Encoding/length: DB2 VARGRAPHIC uses UTF-16 code units; PG varchar uses character count (UTF-8). Check max lengths.; Verify VARGRAPHIC→VARCHAR lengths after encoding change (UTF-16→UTF-8).
tarea_calculo_ajuste_comision,id_tarea_calculo_ajuste_comision,BIGINT generated always as identity (start with 1 minvalue 0),tarea_calculo_ajuste_comision||id_tarea_calculo_ajuste_comision,bigint generated always as identity (start with 1),BIGINT generated always as identity (start with 1 minvalue 0),bigint generated always as identity (start with 1),bigint generated always as identity(start with 1 minvalue 0),bigint generated always as identity(start with 1),
tarea_calculo_ajuste_comision,id_tipo_comision,VARGRAPHIC(12 codeunits16),tarea_calculo_ajuste_comision||id_tipo_comision,varchar(12),VARGRAPHIC(12 codeunits16),varchar(12),vargraphic(12),varchar(12),Encoding/length: DB2 VARGRAPHIC uses UTF-16 code units; PG varchar uses character count (UTF-8). Check max lengths.; Verify VARGRAPHIC→VARCHAR lengths after encoding change (UTF-16→UTF-8).
tarea_calculo_ajuste_comision,std_or_hr_period,VARGRAPHIC(24 codeunits16),tarea_calculo_ajuste_comision||std_or_hr_period,varchar(24),VARGRAPHIC(24 codeunits16),varchar(24),vargraphic(24),varchar(24),Encoding/length: DB2 VARGRAPHIC uses UTF-16 code units; PG varchar uses character count (UTF-8). Check max lengths.; Verify VARGRAPHIC→VARCHAR lengths after encoding change (UTF-16→UTF-8).
tarea_calculo_persona,ccl_id_origen,VARGRAPHIC(24 codeunits16),tarea_calculo_persona||ccl_id_origen,varchar(24),VARGRAPHIC(24 codeunits16),varchar(24),vargraphic(24),varchar(24),Encoding/length: DB2 VARGRAPHIC uses UTF-16 code units; PG varchar uses character count (UTF-8). Check max lengths.; Verify VARGRAPHIC→VARCHAR lengths after encoding change (UTF-16→UTF-8).
tarea_calculo_persona,ccl_id_person,VARGRAPHIC(24 codeunits16),tarea_calculo_persona||ccl_id_person,varchar(24),VARGRAPHIC(24 codeunits16),varchar(24),vargraphic(24),varchar(24),Encoding/length: DB2 VARGRAPHIC uses UTF-16 code units; PG varchar uses character count (UTF-8). Check max lengths.; Verify VARGRAPHIC→VARCHAR lengths after encoding change (UTF-16→UTF-8).
tarea_calculo_persona,std_or_hr_period,VARGRAPHIC(24 codeunits16),tarea_calculo_persona||std_or_hr_period,varchar(24),VARGRAPHIC(24 codeunits16),varchar(24),vargraphic(24),varchar(24),Encoding/length: DB2 VARGRAPHIC uses UTF-16 code units; PG varchar uses character count (UTF-8). Check max lengths.; Verify VARGRAPHIC→VARCHAR lengths after encoding change (UTF-16→UTF-8).
tarea_configuracion,ccl_id_origen,VARGRAPHIC(24 codeunits16),tarea_configuracion||ccl_id_origen,varchar(24),VARGRAPHIC(24 codeunits16),varchar(24),vargraphic(24),varchar(24),Encoding/length: DB2 VARGRAPHIC uses UTF-16 code units; PG varchar uses character count (UTF-8). Check max lengths.; Verify VARGRAPHIC→VARCHAR lengths after encoding change (UTF-16→UTF-8).
tarea_configuracion_challenge_dias_minimos,ccl_id_origen,VARGRAPHIC(24 codeunits16),tarea_configuracion_challenge_dias_minimos||ccl_id_origen,varchar(24),VARGRAPHIC(24 codeunits16),varchar(24),vargraphic(24),varchar(24),Encoding/length: DB2 VARGRAPHIC uses UTF-16 code units; PG varchar uses character count (UTF-8). Check max lengths.; Verify VARGRAPHIC→VARCHAR lengths after encoding change (UTF-16→UTF-8).
tarea_configuracion_challenge_dias_minimos,icm_id_tp_calculo,VARGRAPHIC(24 codeunits16),tarea_configuracion_challenge_dias_minimos||icm_id_tp_calculo,varchar(24),VARGRAPHIC(24 codeunits16),varchar(24),vargraphic(24),varchar(24),Encoding/length: DB2 VARGRAPHIC uses UTF-16 code units; PG varchar uses character count (UTF-8). Check max lengths.; Verify VARGRAPHIC→VARCHAR lengths after encoding change (UTF-16→UTF-8).
tarea_configuracion_precio_hora,ccl_id_origen,VARGRAPHIC(24 codeunits16),tarea_configuracion_precio_hora||ccl_id_origen,varchar(24),VARGRAPHIC(24 codeunits16),varchar(24),vargraphic(24),varchar(24),Encoding/length: DB2 VARGRAPHIC uses UTF-16 code units; PG varchar uses character count (UTF-8). Check max lengths.; Verify VARGRAPHIC→VARCHAR lengths after encoding change (UTF-16→UTF-8).
tarea_localizacion_abierta,ccl_id_cod_origen,VARGRAPHIC(24 codeunits16),tarea_localizacion_abierta||ccl_id_cod_origen,varchar(24),VARGRAPHIC(24 codeunits16),varchar(24),vargraphic(24),varchar(24),Encoding/length: DB2 VARGRAPHIC uses UTF-16 code units; PG varchar uses character count (UTF-8). Check max lengths.; Verify VARGRAPHIC→VARCHAR lengths after encoding change (UTF-16→UTF-8).
tarea_localizacion_abierta,ccl_id_seccion,VARGRAPHIC(2 codeunits16),tarea_localizacion_abierta||ccl_id_seccion,varchar(2),VARGRAPHIC(2 codeunits16),varchar(2),vargraphic(2),varchar(2),Encoding/length: DB2 VARGRAPHIC uses UTF-16 code units; PG varchar uses character count (UTF-8). Check max lengths.; Verify VARGRAPHIC→VARCHAR lengths after encoding change (UTF-16→UTF-8).
tarea_localizacion_calcular,ccl_id_cod_origen,VARGRAPHIC(24 codeunits16),tarea_localizacion_calcular||ccl_id_cod_origen,varchar(24),VARGRAPHIC(24 codeunits16),varchar(24),vargraphic(24),varchar(24),Encoding/length: DB2 VARGRAPHIC uses UTF-16 code units; PG varchar uses character count (UTF-8). Check max lengths.; Verify VARGRAPHIC→VARCHAR lengths after encoding change (UTF-16→UTF-8).
tarea_localizacion_calcular,std_id_work_locat,VARGRAPHIC(24 codeunits16),tarea_localizacion_calcular||std_id_work_locat,varchar(24),VARGRAPHIC(24 codeunits16),varchar(24),vargraphic(24),varchar(24),Encoding/length: DB2 VARGRAPHIC uses UTF-16 code units; PG varchar uses character count (UTF-8). Check max lengths.; Verify VARGRAPHIC→VARCHAR lengths after encoding change (UTF-16→UTF-8).
tarea_localizacion_comision_historico,ccl_id_cod_origen,VARGRAPHIC(24 codeunits16),tarea_localizacion_comision_historico||ccl_id_cod_origen,varchar(24),VARGRAPHIC(24 codeunits16),varchar(24),vargraphic(24),varchar(24),Encoding/length: DB2 VARGRAPHIC uses UTF-16 code units; PG varchar uses character count (UTF-8). Check max lengths.; Verify VARGRAPHIC→VARCHAR lengths after encoding change (UTF-16→UTF-8).
tarea_localizacion_comision_historico,std_id_work_locat,VARGRAPHIC(24 codeunits16),tarea_localizacion_comision_historico||std_id_work_locat,varchar(24),VARGRAPHIC(24 codeunits16),varchar(24),vargraphic(24),varchar(24),Encoding/length: DB2 VARGRAPHIC uses UTF-16 code units; PG varchar uses character count (UTF-8). Check max lengths.; Verify VARGRAPHIC→VARCHAR lengths after encoding change (UTF-16→UTF-8).
tarea_localizacion_estado,ccl_id_origen,VARGRAPHIC(24 codeunits16),tarea_localizacion_estado||ccl_id_origen,varchar(24),VARGRAPHIC(24 codeunits16),varchar(24),vargraphic(24),varchar(24),Encoding/length: DB2 VARGRAPHIC uses UTF-16 code units; PG varchar uses character count (UTF-8). Check max lengths.; Verify VARGRAPHIC→VARCHAR lengths after encoding change (UTF-16→UTF-8).
tarea_localizacion_estado,ccl_id_seccion,VARGRAPHIC(2 codeunits16),tarea_localizacion_estado||ccl_id_seccion,varchar(2),VARGRAPHIC(2 codeunits16),varchar(2),vargraphic(2),varchar(2),Encoding/length: DB2 VARGRAPHIC uses UTF-16 code units; PG varchar uses character count (UTF-8). Check max lengths.; Verify VARGRAPHIC→VARCHAR lengths after encoding change (UTF-16→UTF-8).
tarea_localizacion_estado,icm_id_estado,VARGRAPHIC(12 codeunits16),tarea_localizacion_estado||icm_id_estado,varchar(12),VARGRAPHIC(12 codeunits16),varchar(12),vargraphic(12),varchar(12),Encoding/length: DB2 VARGRAPHIC uses UTF-16 code units; PG varchar uses character count (UTF-8). Check max lengths.; Verify VARGRAPHIC→VARCHAR lengths after encoding change (UTF-16→UTF-8).
tarea_localizacion_estado,id_tarea_localizacion_estado,BIGINT generated always as identity (start with 1 minvalue -9223372036854775808),tarea_localizacion_estado||id_tarea_localizacion_estado,bigint generated always as identity (start with 1),BIGINT generated always as identity (start with 1 minvalue -9223372036854775808),bigint generated always as identity (start with 1),bigint generated always as identity(start with 1 minvalue -9223372036854775808),bigint generated always as identity(start with 1),
tarea_localizacion_estado,std_id_leg_ent,VARGRAPHIC(24 codeunits16),tarea_localizacion_estado||std_id_leg_ent,varchar(24),VARGRAPHIC(24 codeunits16),varchar(24),vargraphic(24),varchar(24),Encoding/length: DB2 VARGRAPHIC uses UTF-16 code units; PG varchar uses character count (UTF-8). Check max lengths.; Verify VARGRAPHIC→VARCHAR lengths after encoding change (UTF-16→UTF-8).
tarea_localizacion_estado,std_id_work_locat,VARGRAPHIC(24 codeunits16),tarea_localizacion_estado||std_id_work_locat,varchar(24),VARGRAPHIC(24 codeunits16),varchar(24),vargraphic(24),varchar(24),Encoding/length: DB2 VARGRAPHIC uses UTF-16 code units; PG varchar uses character count (UTF-8). Check max lengths.; Verify VARGRAPHIC→VARCHAR lengths after encoding change (UTF-16→UTF-8).
tarea_localizacion_festivo,ccl_id_cod_origen,VARGRAPHIC(24 codeunits16),tarea_localizacion_festivo||ccl_id_cod_origen,varchar(24),VARGRAPHIC(24 codeunits16),varchar(24),vargraphic(24),varchar(24),Encoding/length: DB2 VARGRAPHIC uses UTF-16 code units; PG varchar uses character count (UTF-8). Check max lengths.; Verify VARGRAPHIC→VARCHAR lengths after encoding change (UTF-16→UTF-8).
tarea_localizacion_historico,ccl_id_cadena,VARGRAPHIC(12 codeunits16),tarea_localizacion_historico||ccl_id_cadena,varchar(12),VARGRAPHIC(12 codeunits16),varchar(12),vargraphic(12),varchar(12),Encoding/length: DB2 VARGRAPHIC uses UTF-16 code units; PG varchar uses character count (UTF-8). Check max lengths.; Verify VARGRAPHIC→VARCHAR lengths after encoding change (UTF-16→UTF-8).
tarea_localizacion_historico,ccl_id_cod_origen,VARGRAPHIC(24 codeunits16),tarea_localizacion_historico||ccl_id_cod_origen,varchar(24),VARGRAPHIC(24 codeunits16),varchar(24),vargraphic(24),varchar(24),Encoding/length: DB2 VARGRAPHIC uses UTF-16 code units; PG varchar uses character count (UTF-8). Check max lengths.; Verify VARGRAPHIC→VARCHAR lengths after encoding change (UTF-16→UTF-8).
tarea_localizacion_historico,ccl_id_origen,VARGRAPHIC(24 codeunits16),tarea_localizacion_historico||ccl_id_origen,varchar(24),VARGRAPHIC(24 codeunits16),varchar(24),vargraphic(24),varchar(24),Encoding/length: DB2 VARGRAPHIC uses UTF-16 code units; PG varchar uses character count (UTF-8). Check max lengths.; Verify VARGRAPHIC→VARCHAR lengths after encoding change (UTF-16→UTF-8).
tarea_localizacion_historico,std_id_country,VARGRAPHIC(4 codeunits16),tarea_localizacion_historico||std_id_country,varchar(4),VARGRAPHIC(4 codeunits16),varchar(4),vargraphic(4),varchar(4),Encoding/length: DB2 VARGRAPHIC uses UTF-16 code units; PG varchar uses character count (UTF-8). Check max lengths.; Verify VARGRAPHIC→VARCHAR lengths after encoding change (UTF-16→UTF-8).
tarea_localizacion_historico,std_id_leg_ent,VARGRAPHIC(24 codeunits16),tarea_localizacion_historico||std_id_leg_ent,varchar(24),VARGRAPHIC(24 codeunits16),varchar(24),vargraphic(24),varchar(24),Encoding/length: DB2 VARGRAPHIC uses UTF-16 code units; PG varchar uses character count (UTF-8). Check max lengths.; Verify VARGRAPHIC→VARCHAR lengths after encoding change (UTF-16→UTF-8).
tarea_localizacion_historico,std_id_sub_geo_div,VARGRAPHIC(8 codeunits16),tarea_localizacion_historico||std_id_sub_geo_div,varchar(8),VARGRAPHIC(8 codeunits16),varchar(8),vargraphic(8),varchar(8),Encoding/length: DB2 VARGRAPHIC uses UTF-16 code units; PG varchar uses character count (UTF-8). Check max lengths.; Verify VARGRAPHIC→VARCHAR lengths after encoding change (UTF-16→UTF-8).
tarea_localizacion_historico,std_id_work_locat,VARGRAPHIC(24 codeunits16),tarea_localizacion_historico||std_id_work_locat,varchar(24),VARGRAPHIC(24 codeunits16),varchar(24),vargraphic(24),varchar(24),Encoding/length: DB2 VARGRAPHIC uses UTF-16 code units; PG varchar uses character count (UTF-8). Check max lengths.; Verify VARGRAPHIC→VARCHAR lengths after encoding change (UTF-16→UTF-8).
tarea_localizacion_jornada,ccl_id_cadena,VARGRAPHIC(12 codeunits16),tarea_localizacion_jornada||ccl_id_cadena,varchar(12),VARGRAPHIC(12 codeunits16),varchar(12),vargraphic(12),varchar(12),Encoding/length: DB2 VARGRAPHIC uses UTF-16 code units; PG varchar uses character count (UTF-8). Check max lengths.; Verify VARGRAPHIC→VARCHAR lengths after encoding change (UTF-16→UTF-8).
tarea_localizacion_jornada,ccl_id_cod_origen,VARGRAPHIC(24 codeunits16),tarea_localizacion_jornada||ccl_id_cod_origen,varchar(24),VARGRAPHIC(24 codeunits16),varchar(24),vargraphic(24),varchar(24),Encoding/length: DB2 VARGRAPHIC uses UTF-16 code units; PG varchar uses character count (UTF-8). Check max lengths.; Verify VARGRAPHIC→VARCHAR lengths after encoding change (UTF-16→UTF-8).
tarea_localizacion_jornada,ccl_id_seccion,VARGRAPHIC(2 codeunits16),tarea_localizacion_jornada||ccl_id_seccion,varchar(2),VARGRAPHIC(2 codeunits16),varchar(2),vargraphic(2),varchar(2),Encoding/length: DB2 VARGRAPHIC uses UTF-16 code units; PG varchar uses character count (UTF-8). Check max lengths.; Verify VARGRAPHIC→VARCHAR lengths after encoding change (UTF-16→UTF-8).
tarea_localizacion_jornada,id_tarea_localizacion_jornada,BIGINT generated always as identity (start with 1 minvalue -9223372036854775808),tarea_localizacion_jornada||id_tarea_localizacion_jornada,bigint generated always as identity (start with 1),BIGINT generated always as identity (start with 1 minvalue -9223372036854775808),bigint generated always as identity (start with 1),bigint generated always as identity(start with 1 minvalue -9223372036854775808),bigint generated always as identity(start with 1),
tarea_localizacion_online_historico,ccl_id_cadena,VARGRAPHIC(24 codeunits16),tarea_localizacion_online_historico||ccl_id_cadena,varchar(24),VARGRAPHIC(24 codeunits16),varchar(24),vargraphic(24),varchar(24),Encoding/length: DB2 VARGRAPHIC uses UTF-16 code units; PG varchar uses character count (UTF-8). Check max lengths.; Verify VARGRAPHIC→VARCHAR lengths after encoding change (UTF-16→UTF-8).
tarea_localizacion_online_historico,ccl_id_cod_origen,VARGRAPHIC(24 codeunits16),tarea_localizacion_online_historico||ccl_id_cod_origen,varchar(24),VARGRAPHIC(24 codeunits16),varchar(24),vargraphic(24),varchar(24),Encoding/length: DB2 VARGRAPHIC uses UTF-16 code units; PG varchar uses character count (UTF-8). Check max lengths.; Verify VARGRAPHIC→VARCHAR lengths after encoding change (UTF-16→UTF-8).
tarea_localizacion_online_historico,std_id_leg_ent,VARGRAPHIC(24 codeunits16),tarea_localizacion_online_historico||std_id_leg_ent,varchar(24),VARGRAPHIC(24 codeunits16),varchar(24),vargraphic(24),varchar(24),Encoding/length: DB2 VARGRAPHIC uses UTF-16 code units; PG varchar uses character count (UTF-8). Check max lengths.; Verify VARGRAPHIC→VARCHAR lengths after encoding change (UTF-16→UTF-8).
tarea_localizacion_online_historico,std_id_work_locat,VARGRAPHIC(24 codeunits16),tarea_localizacion_online_historico||std_id_work_locat,varchar(24),VARGRAPHIC(24 codeunits16),varchar(24),vargraphic(24),varchar(24),Encoding/length: DB2 VARGRAPHIC uses UTF-16 code units; PG varchar uses character count (UTF-8). Check max lengths.; Verify VARGRAPHIC→VARCHAR lengths after encoding change (UTF-16→UTF-8).
tarea_localizacion_persona_jornada,ccl_id_cadena,VARGRAPHIC(12 codeunits16),tarea_localizacion_persona_jornada||ccl_id_cadena,varchar(12),VARGRAPHIC(12 codeunits16),varchar(12),vargraphic(12),varchar(12),Encoding/length: DB2 VARGRAPHIC uses UTF-16 code units; PG varchar uses character count (UTF-8). Check max lengths.; Verify VARGRAPHIC→VARCHAR lengths after encoding change (UTF-16→UTF-8).
tarea_localizacion_persona_jornada,ccl_id_cod_origen,VARGRAPHIC(24 codeunits16),tarea_localizacion_persona_jornada||ccl_id_cod_origen,varchar(24),VARGRAPHIC(24 codeunits16),varchar(24),vargraphic(24),varchar(24),Encoding/length: DB2 VARGRAPHIC uses UTF-16 code units; PG varchar uses character count (UTF-8). Check max lengths.; Verify VARGRAPHIC→VARCHAR lengths after encoding change (UTF-16→UTF-8).
tarea_localizacion_persona_jornada,ccl_id_origen,VARGRAPHIC(24 codeunits16),tarea_localizacion_persona_jornada||ccl_id_origen,varchar(24),VARGRAPHIC(24 codeunits16),varchar(24),vargraphic(24),varchar(24),Encoding/length: DB2 VARGRAPHIC uses UTF-16 code units; PG varchar uses character count (UTF-8). Check max lengths.; Verify VARGRAPHIC→VARCHAR lengths after encoding change (UTF-16→UTF-8).
tarea_localizacion_persona_jornada,ccl_id_person,VARGRAPHIC(24 codeunits16),tarea_localizacion_persona_jornada||ccl_id_person,varchar(24),VARGRAPHIC(24 codeunits16),varchar(24),vargraphic(24),varchar(24),Encoding/length: DB2 VARGRAPHIC uses UTF-16 code units; PG varchar uses character count (UTF-8). Check max lengths.; Verify VARGRAPHIC→VARCHAR lengths after encoding change (UTF-16→UTF-8).
tarea_localizacion_persona_jornada,ccl_id_seccion,VARGRAPHIC(2 codeunits16),tarea_localizacion_persona_jornada||ccl_id_seccion,varchar(2),VARGRAPHIC(2 codeunits16),varchar(2),vargraphic(2),varchar(2),Encoding/length: DB2 VARGRAPHIC uses UTF-16 code units; PG varchar uses character count (UTF-8). Check max lengths.; Verify VARGRAPHIC→VARCHAR lengths after encoding change (UTF-16→UTF-8).
tarea_localizacion_persona_jornada,id_tarea_localizacion_persona_jornada,BIGINT generated always as identity (start with 1 minvalue -9223372036854775808),tarea_localizacion_persona_jornada||id_tarea_localizacion_persona_jornada,bigint generated always as identity (start with 1),BIGINT generated always as identity (start with 1 minvalue -9223372036854775808),bigint generated always as identity (start with 1),bigint generated always as identity(start with 1 minvalue -9223372036854775808),bigint generated always as identity(start with 1),
tarea_localizacion_persona_jornada,std_id_leg_ent,VARGRAPHIC(24 codeunits16),tarea_localizacion_persona_jornada||std_id_leg_ent,varchar(24),VARGRAPHIC(24 codeunits16),varchar(24),vargraphic(24),varchar(24),Encoding/length: DB2 VARGRAPHIC uses UTF-16 code units; PG varchar uses character count (UTF-8). Check max lengths.; Verify VARGRAPHIC→VARCHAR lengths after encoding change (UTF-16→UTF-8).
tarea_localizacion_persona_presencia,ccl_id_cadena,VARGRAPHIC(12 codeunits16),tarea_localizacion_persona_presencia||ccl_id_cadena,varchar(12),VARGRAPHIC(12 codeunits16),varchar(12),vargraphic(12),varchar(12),Encoding/length: DB2 VARGRAPHIC uses UTF-16 code units; PG varchar uses character count (UTF-8). Check max lengths.; Verify VARGRAPHIC→VARCHAR lengths after encoding change (UTF-16→UTF-8).
tarea_localizacion_persona_presencia,ccl_id_cod_origen,VARGRAPHIC(24 codeunits16),tarea_localizacion_persona_presencia||ccl_id_cod_origen,varchar(24),VARGRAPHIC(24 codeunits16),varchar(24),vargraphic(24),varchar(24),Encoding/length: DB2 VARGRAPHIC uses UTF-16 code units; PG varchar uses character count (UTF-8). Check max lengths.; Verify VARGRAPHIC→VARCHAR lengths after encoding change (UTF-16→UTF-8).
tarea_localizacion_persona_presencia,ccl_id_origen,VARGRAPHIC(24 codeunits16),tarea_localizacion_persona_presencia||ccl_id_origen,varchar(24),VARGRAPHIC(24 codeunits16),varchar(24),vargraphic(24),varchar(24),Encoding/length: DB2 VARGRAPHIC uses UTF-16 code units; PG varchar uses character count (UTF-8). Check max lengths.; Verify VARGRAPHIC→VARCHAR lengths after encoding change (UTF-16→UTF-8).
tarea_localizacion_persona_presencia,ccl_id_person,VARGRAPHIC(24 codeunits16),tarea_localizacion_persona_presencia||ccl_id_person,varchar(24),VARGRAPHIC(24 codeunits16),varchar(24),vargraphic(24),varchar(24),Encoding/length: DB2 VARGRAPHIC uses UTF-16 code units; PG varchar uses character count (UTF-8). Check max lengths.; Verify VARGRAPHIC→VARCHAR lengths after encoding change (UTF-16→UTF-8).
tarea_localizacion_persona_presencia,ccl_id_seccion,VARGRAPHIC(2 codeunits16),tarea_localizacion_persona_presencia||ccl_id_seccion,varchar(2),VARGRAPHIC(2 codeunits16),varchar(2),vargraphic(2),varchar(2),Encoding/length: DB2 VARGRAPHIC uses UTF-16 code units; PG varchar uses character count (UTF-8). Check max lengths.; Verify VARGRAPHIC→VARCHAR lengths after encoding change (UTF-16→UTF-8).
tarea_localizacion_persona_presencia,std_id_leg_ent,VARGRAPHIC(24 codeunits16),tarea_localizacion_persona_presencia||std_id_leg_ent,varchar(24),VARGRAPHIC(24 codeunits16),varchar(24),vargraphic(24),varchar(24),Encoding/length: DB2 VARGRAPHIC uses UTF-16 code units; PG varchar uses character count (UTF-8). Check max lengths.; Verify VARGRAPHIC→VARCHAR lengths after encoding change (UTF-16→UTF-8).
tarea_localizacion_persona_venta,ccl_id_cadena,VARGRAPHIC(24 codeunits16),tarea_localizacion_persona_venta||ccl_id_cadena,varchar(24),VARGRAPHIC(24 codeunits16),varchar(24),vargraphic(24),varchar(24),Encoding/length: DB2 VARGRAPHIC uses UTF-16 code units; PG varchar uses character count (UTF-8). Check max lengths.; Verify VARGRAPHIC→VARCHAR lengths after encoding change (UTF-16→UTF-8).
tarea_localizacion_persona_venta,ccl_id_cod_origen,VARGRAPHIC(24 codeunits16),tarea_localizacion_persona_venta||ccl_id_cod_origen,varchar(24),VARGRAPHIC(24 codeunits16),varchar(24),vargraphic(24),varchar(24),Encoding/length: DB2 VARGRAPHIC uses UTF-16 code units; PG varchar uses character count (UTF-8). Check max lengths.; Verify VARGRAPHIC→VARCHAR lengths after encoding change (UTF-16→UTF-8).
tarea_localizacion_persona_venta,ccl_id_person,VARGRAPHIC(24 codeunits16),tarea_localizacion_persona_venta||ccl_id_person,varchar(24),VARGRAPHIC(24 codeunits16),varchar(24),vargraphic(24),varchar(24),Encoding/length: DB2 VARGRAPHIC uses UTF-16 code units; PG varchar uses character count (UTF-8). Check max lengths.; Verify VARGRAPHIC→VARCHAR lengths after encoding change (UTF-16→UTF-8).
tarea_localizacion_persona_venta,ccl_id_seccion,VARGRAPHIC(24 codeunits16),tarea_localizacion_persona_venta||ccl_id_seccion,varchar(24),VARGRAPHIC(24 codeunits16),varchar(24),vargraphic(24),varchar(24),Encoding/length: DB2 VARGRAPHIC uses UTF-16 code units; PG varchar uses character count (UTF-8). Check max lengths.; Verify VARGRAPHIC→VARCHAR lengths after encoding change (UTF-16→UTF-8).
tarea_localizacion_presencia,ccl_id_cadena,VARGRAPHIC(12 codeunits16),tarea_localizacion_presencia||ccl_id_cadena,varchar(12),VARGRAPHIC(12 codeunits16),varchar(12),vargraphic(12),varchar(12),Encoding/length: DB2 VARGRAPHIC uses UTF-16 code units; PG varchar uses character count (UTF-8). Check max lengths.; Verify VARGRAPHIC→VARCHAR lengths after encoding change (UTF-16→UTF-8).
tarea_localizacion_presencia,ccl_id_cod_origen,VARGRAPHIC(24 codeunits16),tarea_localizacion_presencia||ccl_id_cod_origen,varchar(24),VARGRAPHIC(24 codeunits16),varchar(24),vargraphic(24),varchar(24),Encoding/length: DB2 VARGRAPHIC uses UTF-16 code units; PG varchar uses character count (UTF-8). Check max lengths.; Verify VARGRAPHIC→VARCHAR lengths after encoding change (UTF-16→UTF-8).
tarea_localizacion_presencia,ccl_id_seccion,VARGRAPHIC(2 codeunits16),tarea_localizacion_presencia||ccl_id_seccion,varchar(2),VARGRAPHIC(2 codeunits16),varchar(2),vargraphic(2),varchar(2),Encoding/length: DB2 VARGRAPHIC uses UTF-16 code units; PG varchar uses character count (UTF-8). Check max lengths.; Verify VARGRAPHIC→VARCHAR lengths after encoding change (UTF-16→UTF-8).
tarea_localizacion_presupuesto,ccl_id_cod_origen,VARGRAPHIC(24 codeunits16),tarea_localizacion_presupuesto||ccl_id_cod_origen,varchar(24),VARGRAPHIC(24 codeunits16),varchar(24),vargraphic(24),varchar(24),Encoding/length: DB2 VARGRAPHIC uses UTF-16 code units; PG varchar uses character count (UTF-8). Check max lengths.; Verify VARGRAPHIC→VARCHAR lengths after encoding change (UTF-16→UTF-8).
tarea_localizacion_presupuesto,ccl_id_origen,VARGRAPHIC(24 codeunits16),tarea_localizacion_presupuesto||ccl_id_origen,varchar(24),VARGRAPHIC(24 codeunits16),varchar(24),vargraphic(24),varchar(24),Encoding/length: DB2 VARGRAPHIC uses UTF-16 code units; PG varchar uses character count (UTF-8). Check max lengths.; Verify VARGRAPHIC→VARCHAR lengths after encoding change (UTF-16→UTF-8).
tarea_localizacion_presupuesto,ccl_id_seccion,VARGRAPHIC(2 codeunits16),tarea_localizacion_presupuesto||ccl_id_seccion,varchar(2),VARGRAPHIC(2 codeunits16),varchar(2),vargraphic(2),varchar(2),Encoding/length: DB2 VARGRAPHIC uses UTF-16 code units; PG varchar uses character count (UTF-8). Check max lengths.; Verify VARGRAPHIC→VARCHAR lengths after encoding change (UTF-16→UTF-8).
tarea_localizacion_presupuesto,icm_ordinal,VARGRAPHIC(12 codeunits16),tarea_localizacion_presupuesto||icm_ordinal,varchar(12),VARGRAPHIC(12 codeunits16),varchar(12),vargraphic(12),varchar(12),Encoding/length: DB2 VARGRAPHIC uses UTF-16 code units; PG varchar uses character count (UTF-8). Check max lengths.; Verify VARGRAPHIC→VARCHAR lengths after encoding change (UTF-16→UTF-8).
tarea_localizacion_presupuesto,std_id_leg_ent,VARGRAPHIC(24 codeunits16),tarea_localizacion_presupuesto||std_id_leg_ent,varchar(24),VARGRAPHIC(24 codeunits16),varchar(24),vargraphic(24),varchar(24),Encoding/length: DB2 VARGRAPHIC uses UTF-16 code units; PG varchar uses character count (UTF-8). Check max lengths.; Verify VARGRAPHIC→VARCHAR lengths after encoding change (UTF-16→UTF-8).
tarea_localizacion_presupuesto,std_id_work_locat,VARGRAPHIC(24 codeunits16),tarea_localizacion_presupuesto||std_id_work_locat,varchar(24),VARGRAPHIC(24 codeunits16),varchar(24),vargraphic(24),varchar(24),Encoding/length: DB2 VARGRAPHIC uses UTF-16 code units; PG varchar uses character count (UTF-8). Check max lengths.; Verify VARGRAPHIC→VARCHAR lengths after encoding change (UTF-16→UTF-8).
tarea_localizacion_presupuesto_venta,ccl_id_cadena,VARGRAPHIC(12 codeunits16),tarea_localizacion_presupuesto_venta||ccl_id_cadena,varchar(12),VARGRAPHIC(12 codeunits16),varchar(12),vargraphic(12),varchar(12),Encoding/length: DB2 VARGRAPHIC uses UTF-16 code units; PG varchar uses character count (UTF-8). Check max lengths.; Verify VARGRAPHIC→VARCHAR lengths after encoding change (UTF-16→UTF-8).
tarea_localizacion_presupuesto_venta,ccl_id_cod_origen,VARGRAPHIC(24 codeunits16),tarea_localizacion_presupuesto_venta||ccl_id_cod_origen,varchar(24),VARGRAPHIC(24 codeunits16),varchar(24),vargraphic(24),varchar(24),Encoding/length: DB2 VARGRAPHIC uses UTF-16 code units; PG varchar uses character count (UTF-8). Check max lengths.; Verify VARGRAPHIC→VARCHAR lengths after encoding change (UTF-16→UTF-8).
tarea_localizacion_presupuesto_venta,ccl_id_origen,VARGRAPHIC(24 codeunits16),tarea_localizacion_presupuesto_venta||ccl_id_origen,varchar(24),VARGRAPHIC(24 codeunits16),varchar(24),vargraphic(24),varchar(24),Encoding/length: DB2 VARGRAPHIC uses UTF-16 code units; PG varchar uses character count (UTF-8). Check max lengths.; Verify VARGRAPHIC→VARCHAR lengths after encoding change (UTF-16→UTF-8).
tarea_localizacion_presupuesto_venta,ccl_id_seccion,VARGRAPHIC(2 codeunits16),tarea_localizacion_presupuesto_venta||ccl_id_seccion,varchar(2),VARGRAPHIC(2 codeunits16),varchar(2),vargraphic(2),varchar(2),Encoding/length: DB2 VARGRAPHIC uses UTF-16 code units; PG varchar uses character count (UTF-8). Check max lengths.; Verify VARGRAPHIC→VARCHAR lengths after encoding change (UTF-16→UTF-8).
tarea_localizacion_presupuesto_venta,icm_ordinal,VARGRAPHIC(12 codeunits16),tarea_localizacion_presupuesto_venta||icm_ordinal,varchar(12),VARGRAPHIC(12 codeunits16),varchar(12),vargraphic(12),varchar(12),Encoding/length: DB2 VARGRAPHIC uses UTF-16 code units; PG varchar uses character count (UTF-8). Check max lengths.; Verify VARGRAPHIC→VARCHAR lengths after encoding change (UTF-16→UTF-8).
tarea_localizacion_venta,ccl_id_cadena,VARGRAPHIC(24 codeunits16),tarea_localizacion_venta||ccl_id_cadena,varchar(24),VARGRAPHIC(24 codeunits16),varchar(24),vargraphic(24),varchar(24),Encoding/length: DB2 VARGRAPHIC uses UTF-16 code units; PG varchar uses character count (UTF-8). Check max lengths.; Verify VARGRAPHIC→VARCHAR lengths after encoding change (UTF-16→UTF-8).
tarea_localizacion_venta,ccl_id_cod_origen,VARGRAPHIC(24 codeunits16),tarea_localizacion_venta||ccl_id_cod_origen,varchar(24),VARGRAPHIC(24 codeunits16),varchar(24),vargraphic(24),varchar(24),Encoding/length: DB2 VARGRAPHIC uses UTF-16 code units; PG varchar uses character count (UTF-8). Check max lengths.; Verify VARGRAPHIC→VARCHAR lengths after encoding change (UTF-16→UTF-8).
tarea_localizacion_venta,ccl_id_seccion,VARGRAPHIC(2 codeunits16),tarea_localizacion_venta||ccl_id_seccion,varchar(2),VARGRAPHIC(2 codeunits16),varchar(2),vargraphic(2),varchar(2),Encoding/length: DB2 VARGRAPHIC uses UTF-16 code units; PG varchar uses character count (UTF-8). Check max lengths.; Verify VARGRAPHIC→VARCHAR lengths after encoding change (UTF-16→UTF-8).
tarea_persona_ausencia_historico,ccl_id_origen,VARGRAPHIC(24 codeunits16),tarea_persona_ausencia_historico||ccl_id_origen,varchar(24),VARGRAPHIC(24 codeunits16),varchar(24),vargraphic(24),varchar(24),Encoding/length: DB2 VARGRAPHIC uses UTF-16 code units; PG varchar uses character count (UTF-8). Check max lengths.; Verify VARGRAPHIC→VARCHAR lengths after encoding change (UTF-16→UTF-8).
tarea_persona_ausencia_historico,ccl_id_person,VARGRAPHIC(24 codeunits16),tarea_persona_ausencia_historico||ccl_id_person,varchar(24),VARGRAPHIC(24 codeunits16),varchar(24),vargraphic(24),varchar(24),Encoding/length: DB2 VARGRAPHIC uses UTF-16 code units; PG varchar uses character count (UTF-8). Check max lengths.; Verify VARGRAPHIC→VARCHAR lengths after encoding change (UTF-16→UTF-8).
tarea_persona_ausencia_historico,std_or_hr_period,VARGRAPHIC(24 codeunits16),tarea_persona_ausencia_historico||std_or_hr_period,varchar(24),VARGRAPHIC(24 codeunits16),varchar(24),vargraphic(24),varchar(24),Encoding/length: DB2 VARGRAPHIC uses UTF-16 code units; PG varchar uses character count (UTF-8). Check max lengths.; Verify VARGRAPHIC→VARCHAR lengths after encoding change (UTF-16→UTF-8).
tarea_persona_coeficiente,ccl_id_person,VARGRAPHIC(24 codeunits16),tarea_persona_coeficiente||ccl_id_person,varchar(24),VARGRAPHIC(24 codeunits16),varchar(24),vargraphic(24),varchar(24),Encoding/length: DB2 VARGRAPHIC uses UTF-16 code units; PG varchar uses character count (UTF-8). Check max lengths.; Verify VARGRAPHIC→VARCHAR lengths after encoding change (UTF-16→UTF-8).
tarea_persona_coeficiente,std_id_hr,VARGRAPHIC(9 codeunits16),tarea_persona_coeficiente||std_id_hr,varchar(9),VARGRAPHIC(9 codeunits16),varchar(9),vargraphic(9),varchar(9),Encoding/length: DB2 VARGRAPHIC uses UTF-16 code units; PG varchar uses character count (UTF-8). Check max lengths.; Verify VARGRAPHIC→VARCHAR lengths after encoding change (UTF-16→UTF-8).
tarea_persona_coeficiente,std_or_hr_period,VARGRAPHIC(24 codeunits16),tarea_persona_coeficiente||std_or_hr_period,varchar(24),VARGRAPHIC(24 codeunits16),varchar(24),vargraphic(24),varchar(24),Encoding/length: DB2 VARGRAPHIC uses UTF-16 code units; PG varchar uses character count (UTF-8). Check max lengths.; Verify VARGRAPHIC→VARCHAR lengths after encoding change (UTF-16→UTF-8).
tarea_persona_estructura,ccl_id_origen,VARGRAPHIC(24 codeunits16),tarea_persona_estructura||ccl_id_origen,varchar(24),VARGRAPHIC(24 codeunits16),varchar(24),vargraphic(24),varchar(24),Encoding/length: DB2 VARGRAPHIC uses UTF-16 code units; PG varchar uses character count (UTF-8). Check max lengths.; Verify VARGRAPHIC→VARCHAR lengths after encoding change (UTF-16→UTF-8).
tarea_persona_estructura,ccl_id_person,VARGRAPHIC(24 codeunits16),tarea_persona_estructura||ccl_id_person,varchar(24),VARGRAPHIC(24 codeunits16),varchar(24),vargraphic(24),varchar(24),Encoding/length: DB2 VARGRAPHIC uses UTF-16 code units; PG varchar uses character count (UTF-8). Check max lengths.; Verify VARGRAPHIC→VARCHAR lengths after encoding change (UTF-16→UTF-8).
tarea_persona_estructura,ccl_id_seccion_efectiva,VARGRAPHIC(2 codeunits16),tarea_persona_estructura||ccl_id_seccion_efectiva,varchar(2),VARGRAPHIC(2 codeunits16),varchar(2),vargraphic(2),varchar(2),Encoding/length: DB2 VARGRAPHIC uses UTF-16 code units; PG varchar uses character count (UTF-8). Check max lengths.; Verify VARGRAPHIC→VARCHAR lengths after encoding change (UTF-16→UTF-8).
tarea_persona_estructura,ccl_id_seccion_estructura,VARGRAPHIC(2 codeunits16),tarea_persona_estructura||ccl_id_seccion_estructura,varchar(2),VARGRAPHIC(2 codeunits16),varchar(2),vargraphic(2),varchar(2),Encoding/length: DB2 VARGRAPHIC uses UTF-16 code units; PG varchar uses character count (UTF-8). Check max lengths.; Verify VARGRAPHIC→VARCHAR lengths after encoding change (UTF-16→UTF-8).
tarea_persona_estructura,icm_grupo_manual,VARGRAPHIC(24 codeunits16),tarea_persona_estructura||icm_grupo_manual,varchar(24),VARGRAPHIC(24 codeunits16),varchar(24),vargraphic(24),varchar(24),Encoding/length: DB2 VARGRAPHIC uses UTF-16 code units; PG varchar uses character count (UTF-8). Check max lengths.; Verify VARGRAPHIC→VARCHAR lengths after encoding change (UTF-16→UTF-8).
tarea_persona_estructura,icm_id_tp_calculo,VARGRAPHIC(24 codeunits16),tarea_persona_estructura||icm_id_tp_calculo,varchar(24),VARGRAPHIC(24 codeunits16),varchar(24),vargraphic(24),varchar(24),Encoding/length: DB2 VARGRAPHIC uses UTF-16 code units; PG varchar uses character count (UTF-8). Check max lengths.; Verify VARGRAPHIC→VARCHAR lengths after encoding change (UTF-16→UTF-8).
tarea_persona_estructura,icm_id_tp_comision,VARGRAPHIC(24 codeunits16),tarea_persona_estructura||icm_id_tp_comision,varchar(24),VARGRAPHIC(24 codeunits16),varchar(24),vargraphic(24),varchar(24),Encoding/length: DB2 VARGRAPHIC uses UTF-16 code units; PG varchar uses character count (UTF-8). Check max lengths.; Verify VARGRAPHIC→VARCHAR lengths after encoding change (UTF-16→UTF-8).
tarea_persona_estructura,std_id_hr,VARGRAPHIC(9 codeunits16),tarea_persona_estructura||std_id_hr,varchar(9),VARGRAPHIC(9 codeunits16),varchar(9),vargraphic(9),varchar(9),Encoding/length: DB2 VARGRAPHIC uses UTF-16 code units; PG varchar uses character count (UTF-8). Check max lengths.; Verify VARGRAPHIC→VARCHAR lengths after encoding change (UTF-16→UTF-8).
tarea_persona_estructura,std_or_hr_period,VARGRAPHIC(24 codeunits16),tarea_persona_estructura||std_or_hr_period,varchar(24),VARGRAPHIC(24 codeunits16),varchar(24),vargraphic(24),varchar(24),Encoding/length: DB2 VARGRAPHIC uses UTF-16 code units; PG varchar uses character count (UTF-8). Check max lengths.; Verify VARGRAPHIC→VARCHAR lengths after encoding change (UTF-16→UTF-8).
tarea_persona_estructura_desplazamiento,ccl_id_cod_origen_destino,VARGRAPHIC(24 codeunits16),tarea_persona_estructura_desplazamiento||ccl_id_cod_origen_destino,varchar(24),VARGRAPHIC(24 codeunits16),varchar(24),vargraphic(24),varchar(24),Encoding/length: DB2 VARGRAPHIC uses UTF-16 code units; PG varchar uses character count (UTF-8). Check max lengths.; Verify VARGRAPHIC→VARCHAR lengths after encoding change (UTF-16→UTF-8).
tarea_persona_estructura_desplazamiento,ccl_id_puesto_destino,VARGRAPHIC(24 codeunits16),tarea_persona_estructura_desplazamiento||ccl_id_puesto_destino,varchar(24),VARGRAPHIC(24 codeunits16),varchar(24),vargraphic(24),varchar(24),Encoding/length: DB2 VARGRAPHIC uses UTF-16 code units; PG varchar uses character count (UTF-8). Check max lengths.; Verify VARGRAPHIC→VARCHAR lengths after encoding change (UTF-16→UTF-8).
tarea_persona_estructura_desplazamiento,ccl_id_seccion_destino,VARGRAPHIC(24 codeunits16),tarea_persona_estructura_desplazamiento||ccl_id_seccion_destino,varchar(24),VARGRAPHIC(24 codeunits16),varchar(24),vargraphic(24),varchar(24),Encoding/length: DB2 VARGRAPHIC uses UTF-16 code units; PG varchar uses character count (UTF-8). Check max lengths.; Verify VARGRAPHIC→VARCHAR lengths after encoding change (UTF-16→UTF-8).
tarea_persona_estructura_desplazamiento,icm_id_tp_req_comision,VARGRAPHIC(24 codeunits16),tarea_persona_estructura_desplazamiento||icm_id_tp_req_comision,varchar(24),VARGRAPHIC(24 codeunits16),varchar(24),vargraphic(24),varchar(24),Encoding/length: DB2 VARGRAPHIC uses UTF-16 code units; PG varchar uses character count (UTF-8). Check max lengths.; Verify VARGRAPHIC→VARCHAR lengths after encoding change (UTF-16→UTF-8).
tarea_persona_estructura_desplazamiento,std_id_work_locat_destino,VARGRAPHIC(24 codeunits16),tarea_persona_estructura_desplazamiento||std_id_work_locat_destino,varchar(24),VARGRAPHIC(24 codeunits16),varchar(24),vargraphic(24),varchar(24),Encoding/length: DB2 VARGRAPHIC uses UTF-16 code units; PG varchar uses character count (UTF-8). Check max lengths.; Verify VARGRAPHIC→VARCHAR lengths after encoding change (UTF-16→UTF-8).
tarea_persona_estructura_desplazamiento_real,ccl_id_origen,VARGRAPHIC(24 codeunits16),tarea_persona_estructura_desplazamiento_real||ccl_id_origen,varchar(24),VARGRAPHIC(24 codeunits16),varchar(24),vargraphic(24),varchar(24),Encoding/length: DB2 VARGRAPHIC uses UTF-16 code units; PG varchar uses character count (UTF-8). Check max lengths.; Verify VARGRAPHIC→VARCHAR lengths after encoding change (UTF-16→UTF-8).
tarea_persona_estructura_desplazamiento_real,id_tarea_persona_estructura_desplazamiento_real,BIGINT generated always as identity (start with 1 minvalue -9223372036854775808),tarea_persona_estructura_desplazamiento_real||id_tarea_persona_estructura_desplazamiento_real,bigint generated always as identity (start with 1),BIGINT generated always as identity (start with 1 minvalue -9223372036854775808),bigint generated always as identity (start with 1),bigint generated always as identity(start with 1 minvalue -9223372036854775808),bigint generated always as identity(start with 1),
tarea_persona_estructura_desplazamiento_real,std_id_hr,VARGRAPHIC(9 codeunits16),tarea_persona_estructura_desplazamiento_real||std_id_hr,varchar(9),VARGRAPHIC(9 codeunits16),varchar(9),vargraphic(9),varchar(9),Encoding/length: DB2 VARGRAPHIC uses UTF-16 code units; PG varchar uses character count (UTF-8). Check max lengths.; Verify VARGRAPHIC→VARCHAR lengths after encoding change (UTF-16→UTF-8).
tarea_persona_estructura_desplazamiento_real,std_or_hr_period,VARGRAPHIC(24 codeunits16),tarea_persona_estructura_desplazamiento_real||std_or_hr_period,varchar(24),VARGRAPHIC(24 codeunits16),varchar(24),vargraphic(24),varchar(24),Encoding/length: DB2 VARGRAPHIC uses UTF-16 code units; PG varchar uses character count (UTF-8). Check max lengths.; Verify VARGRAPHIC→VARCHAR lengths after encoding change (UTF-16→UTF-8).
tarea_persona_estructura_politica,ccl_id_origen,VARGRAPHIC(24 codeunits16),tarea_persona_estructura_politica||ccl_id_origen,varchar(24),VARGRAPHIC(24 codeunits16),varchar(24),vargraphic(24),varchar(24),Encoding/length: DB2 VARGRAPHIC uses UTF-16 code units; PG varchar uses character count (UTF-8). Check max lengths.; Verify VARGRAPHIC→VARCHAR lengths after encoding change (UTF-16→UTF-8).
tarea_persona_estructura_politica,ccl_id_person,VARGRAPHIC(24 codeunits16),tarea_persona_estructura_politica||ccl_id_person,varchar(24),VARGRAPHIC(24 codeunits16),varchar(24),vargraphic(24),varchar(24),Encoding/length: DB2 VARGRAPHIC uses UTF-16 code units; PG varchar uses character count (UTF-8). Check max lengths.; Verify VARGRAPHIC→VARCHAR lengths after encoding change (UTF-16→UTF-8).
tarea_persona_estructura_politica,std_id_hr,VARGRAPHIC(24 codeunits16),tarea_persona_estructura_politica||std_id_hr,varchar(24),VARGRAPHIC(24 codeunits16),varchar(24),vargraphic(24),varchar(24),Encoding/length: DB2 VARGRAPHIC uses UTF-16 code units; PG varchar uses character count (UTF-8). Check max lengths.; Verify VARGRAPHIC→VARCHAR lengths after encoding change (UTF-16→UTF-8).
tarea_persona_estructura_politica,std_or_hr_period,VARGRAPHIC(24 codeunits16),tarea_persona_estructura_politica||std_or_hr_period,varchar(24),VARGRAPHIC(24 codeunits16),varchar(24),vargraphic(24),varchar(24),Encoding/length: DB2 VARGRAPHIC uses UTF-16 code units; PG varchar uses character count (UTF-8). Check max lengths.; Verify VARGRAPHIC→VARCHAR lengths after encoding change (UTF-16→UTF-8).
tarea_persona_externa,ccl_id_person,VARGRAPHIC(24 codeunits16),tarea_persona_externa||ccl_id_person,varchar(24),VARGRAPHIC(24 codeunits16),varchar(24),vargraphic(24),varchar(24),Encoding/length: DB2 VARGRAPHIC uses UTF-16 code units; PG varchar uses character count (UTF-8). Check max lengths.; Verify VARGRAPHIC→VARCHAR lengths after encoding change (UTF-16→UTF-8).
tarea_persona_externa,id_tarea_persona_externa,BIGINT generated always as identity (minvalue 0),tarea_persona_externa||id_tarea_persona_externa,bigint generated always as identity,BIGINT generated always as identity (minvalue 0),bigint generated always as identity,bigint generated always as identity(minvalue 0),bigint generated always as identity,
tarea_persona_historico,ccl_id_cod_origen,VARGRAPHIC(24 codeunits16),tarea_persona_historico||ccl_id_cod_origen,varchar(24),VARGRAPHIC(24 codeunits16),varchar(24),vargraphic(24),varchar(24),Encoding/length: DB2 VARGRAPHIC uses UTF-16 code units; PG varchar uses character count (UTF-8). Check max lengths.; Verify VARGRAPHIC→VARCHAR lengths after encoding change (UTF-16→UTF-8).
tarea_persona_historico,ccl_id_origen,VARGRAPHIC(24 codeunits16),tarea_persona_historico||ccl_id_origen,varchar(24),VARGRAPHIC(24 codeunits16),varchar(24),vargraphic(24),varchar(24),Encoding/length: DB2 VARGRAPHIC uses UTF-16 code units; PG varchar uses character count (UTF-8). Check max lengths.; Verify VARGRAPHIC→VARCHAR lengths after encoding change (UTF-16→UTF-8).
tarea_persona_historico,ccl_id_person,VARGRAPHIC(24 codeunits16),tarea_persona_historico||ccl_id_person,varchar(24),VARGRAPHIC(24 codeunits16),varchar(24),vargraphic(24),varchar(24),Encoding/length: DB2 VARGRAPHIC uses UTF-16 code units; PG varchar uses character count (UTF-8). Check max lengths.; Verify VARGRAPHIC→VARCHAR lengths after encoding change (UTF-16→UTF-8).
tarea_persona_historico,ccl_id_seccion,VARGRAPHIC(2 codeunits16),tarea_persona_historico||ccl_id_seccion,varchar(2),VARGRAPHIC(2 codeunits16),varchar(2),vargraphic(2),varchar(2),Encoding/length: DB2 VARGRAPHIC uses UTF-16 code units; PG varchar uses character count (UTF-8). Check max lengths.; Verify VARGRAPHIC→VARCHAR lengths after encoding change (UTF-16→UTF-8).
tarea_persona_historico,std_id_hr,VARGRAPHIC(9 codeunits16),tarea_persona_historico||std_id_hr,varchar(9),VARGRAPHIC(9 codeunits16),varchar(9),vargraphic(9),varchar(9),Encoding/length: DB2 VARGRAPHIC uses UTF-16 code units; PG varchar uses character count (UTF-8). Check max lengths.; Verify VARGRAPHIC→VARCHAR lengths after encoding change (UTF-16→UTF-8).
tarea_persona_historico,std_id_leg_ent,VARGRAPHIC(24 codeunits16),tarea_persona_historico||std_id_leg_ent,varchar(24),VARGRAPHIC(24 codeunits16),varchar(24),vargraphic(24),varchar(24),Encoding/length: DB2 VARGRAPHIC uses UTF-16 code units; PG varchar uses character count (UTF-8). Check max lengths.; Verify VARGRAPHIC→VARCHAR lengths after encoding change (UTF-16→UTF-8).
tarea_persona_historico,std_id_work_locat,VARGRAPHIC(24 codeunits16),tarea_persona_historico||std_id_work_locat,varchar(24),VARGRAPHIC(24 codeunits16),varchar(24),vargraphic(24),varchar(24),Encoding/length: DB2 VARGRAPHIC uses UTF-16 code units; PG varchar uses character count (UTF-8). Check max lengths.; Verify VARGRAPHIC→VARCHAR lengths after encoding change (UTF-16→UTF-8).
tarea_persona_historico,std_or_hr_period,VARGRAPHIC(24 codeunits16),tarea_persona_historico||std_or_hr_period,varchar(24),VARGRAPHIC(24 codeunits16),varchar(24),vargraphic(24),varchar(24),Encoding/length: DB2 VARGRAPHIC uses UTF-16 code units; PG varchar uses character count (UTF-8). Check max lengths.; Verify VARGRAPHIC→VARCHAR lengths after encoding change (UTF-16→UTF-8).
tipo_calculo,id_tipo_calculo,VARGRAPHIC(12 codeunits16),tipo_calculo||id_tipo_calculo,varchar(12),VARGRAPHIC(12 codeunits16),varchar(12),vargraphic(12),varchar(12),Encoding/length: DB2 VARGRAPHIC uses UTF-16 code units; PG varchar uses character count (UTF-8). Check max lengths.; Verify VARGRAPHIC→VARCHAR lengths after encoding change (UTF-16→UTF-8).
tipo_calculo_relacion_comis,id_tipo_calculo,VARGRAPHIC(12 codeunits16),tipo_calculo_relacion_comis||id_tipo_calculo,varchar(12),VARGRAPHIC(12 codeunits16),varchar(12),vargraphic(12),varchar(12),Encoding/length: DB2 VARGRAPHIC uses UTF-16 code units; PG varchar uses character count (UTF-8). Check max lengths.; Verify VARGRAPHIC→VARCHAR lengths after encoding change (UTF-16→UTF-8).
tipo_comision,id_tipo_comision,VARGRAPHIC(12 codeunits16),tipo_comision||id_tipo_comision,varchar(12),VARGRAPHIC(12 codeunits16),varchar(12),vargraphic(12),varchar(12),Encoding/length: DB2 VARGRAPHIC uses UTF-16 code units; PG varchar uses character count (UTF-8). Check max lengths.; Verify VARGRAPHIC→VARCHAR lengths after encoding change (UTF-16→UTF-8).
tipo_comision_relacion_comis,id_tipo_comision,VARGRAPHIC(12 codeunits16),tipo_comision_relacion_comis||id_tipo_comision,varchar(12),VARGRAPHIC(12 codeunits16),varchar(12),vargraphic(12),varchar(12),Encoding/length: DB2 VARGRAPHIC uses UTF-16 code units; PG varchar uses character count (UTF-8). Check max lengths.; Verify VARGRAPHIC→VARCHAR lengths after encoding change (UTF-16→UTF-8).
tipo_opcion_calculo,icm_id_tp_op_calc,VARGRAPHIC(24 codeunits16),tipo_opcion_calculo||icm_id_tp_op_calc,varchar(24),VARGRAPHIC(24 codeunits16),varchar(24),vargraphic(24),varchar(24),Encoding/length: DB2 VARGRAPHIC uses UTF-16 code units; PG varchar uses character count (UTF-8). Check max lengths.; Verify VARGRAPHIC→VARCHAR lengths after encoding change (UTF-16→UTF-8).
tipo_politica,icm_id_tp_politicas,VARGRAPHIC(24 codeunits16),tipo_politica||icm_id_tp_politicas,varchar(24),VARGRAPHIC(24 codeunits16),varchar(24),vargraphic(24),varchar(24),Encoding/length: DB2 VARGRAPHIC uses UTF-16 code units; PG varchar uses character count (UTF-8). Check max lengths.; Verify VARGRAPHIC→VARCHAR lengths after encoding change (UTF-16→UTF-8).
tipo_presupuesto,icm_id_tp_presupuesto,VARGRAPHIC(12 codeunits16),tipo_presupuesto||icm_id_tp_presupuesto,varchar(12),VARGRAPHIC(12 codeunits16),varchar(12),vargraphic(12),varchar(12),Encoding/length: DB2 VARGRAPHIC uses UTF-16 code units; PG varchar uses character count (UTF-8). Check max lengths.; Verify VARGRAPHIC→VARCHAR lengths after encoding change (UTF-16→UTF-8).
tipo_sistema_destino,icm_id_tp_sistema,VARGRAPHIC(24 codeunits16),tipo_sistema_destino||icm_id_tp_sistema,varchar(24),VARGRAPHIC(24 codeunits16),varchar(24),vargraphic(24),varchar(24),Encoding/length: DB2 VARGRAPHIC uses UTF-16 code units; PG varchar uses character count (UTF-8). Check max lengths.; Verify VARGRAPHIC→VARCHAR lengths after encoding change (UTF-16→UTF-8).
tipo_unidad_tiempo,icm_id_unidad_tiempo,VARGRAPHIC(24 codeunits16),tipo_unidad_tiempo||icm_id_unidad_tiempo,varchar(24),VARGRAPHIC(24 codeunits16),varchar(24),vargraphic(24),varchar(24),Encoding/length: DB2 VARGRAPHIC uses UTF-16 code units; PG varchar uses character count (UTF-8). Check max lengths.; Verify VARGRAPHIC→VARCHAR lengths after encoding change (UTF-16→UTF-8).
tipo_venta_concepto,icm_id_concepto_venta,VARGRAPHIC(12 codeunits16),tipo_venta_concepto||icm_id_concepto_venta,varchar(12),VARGRAPHIC(12 codeunits16),varchar(12),vargraphic(12),varchar(12),Encoding/length: DB2 VARGRAPHIC uses UTF-16 code units; PG varchar uses character count (UTF-8). Check max lengths.; Verify VARGRAPHIC→VARCHAR lengths after encoding change (UTF-16→UTF-8).
tipo_venta_concepto_challenge,icm_id_concepto_venta,VARGRAPHIC(12 codeunits16),tipo_venta_concepto_challenge||icm_id_concepto_venta,varchar(12),VARGRAPHIC(12 codeunits16),varchar(12),vargraphic(12),varchar(12),Encoding/length: DB2 VARGRAPHIC uses UTF-16 code units; PG varchar uses character count (UTF-8). Check max lengths.; Verify VARGRAPHIC→VARCHAR lengths after encoding change (UTF-16→UTF-8).
tipo_venta_relacion_comis,id_tipo_venta_relacion_comis,BIGINT generated always as identity (start with 1 minvalue -9223372036854775808),tipo_venta_relacion_comis||id_tipo_venta_relacion_comis,bigint generated always as identity (start with 1),BIGINT generated always as identity (start with 1 minvalue -9223372036854775808),bigint generated always as identity (start with 1),bigint generated always as identity(start with 1 minvalue -9223372036854775808),bigint generated always as identity(start with 1),
trabajo,id_organization,VARGRAPHIC(24 codeunits16),trabajo||id_organization,varchar(24),VARGRAPHIC(24 codeunits16),varchar(24),vargraphic(24),varchar(24),Encoding/length: DB2 VARGRAPHIC uses UTF-16 code units; PG varchar uses character count (UTF-8). Check max lengths.; Verify VARGRAPHIC→VARCHAR lengths after encoding change (UTF-16→UTF-8).
trabajo_ambito_empresa,std_id_leg_ent,VARGRAPHIC(24 codeunits16),trabajo_ambito_empresa||std_id_leg_ent,varchar(24),VARGRAPHIC(24 codeunits16),varchar(24),vargraphic(24),varchar(24),Encoding/length: DB2 VARGRAPHIC uses UTF-16 code units; PG varchar uses character count (UTF-8). Check max lengths.; Verify VARGRAPHIC→VARCHAR lengths after encoding change (UTF-16→UTF-8).
trabajo_ambito_localizacion,ccl_id_origen,VARGRAPHIC(24 codeunits16),trabajo_ambito_localizacion||ccl_id_origen,varchar(24),VARGRAPHIC(24 codeunits16),varchar(24),vargraphic(24),varchar(24),Encoding/length: DB2 VARGRAPHIC uses UTF-16 code units; PG varchar uses character count (UTF-8). Check max lengths.; Verify VARGRAPHIC→VARCHAR lengths after encoding change (UTF-16→UTF-8).
trabajo_ambito_localizacion,std_id_leg_ent,VARGRAPHIC(24 codeunits16),trabajo_ambito_localizacion||std_id_leg_ent,varchar(24),VARGRAPHIC(24 codeunits16),varchar(24),vargraphic(24),varchar(24),Encoding/length: DB2 VARGRAPHIC uses UTF-16 code units; PG varchar uses character count (UTF-8). Check max lengths.; Verify VARGRAPHIC→VARCHAR lengths after encoding change (UTF-16→UTF-8).
trabajo_ambito_localizacion,std_id_work_locat,VARGRAPHIC(24 codeunits16),trabajo_ambito_localizacion||std_id_work_locat,varchar(24),VARGRAPHIC(24 codeunits16),varchar(24),vargraphic(24),varchar(24),Encoding/length: DB2 VARGRAPHIC uses UTF-16 code units; PG varchar uses character count (UTF-8). Check max lengths.; Verify VARGRAPHIC→VARCHAR lengths after encoding change (UTF-16→UTF-8).
trabajo_ambito_origen,ccl_id_origen,VARGRAPHIC(24 codeunits16),trabajo_ambito_origen||ccl_id_origen,varchar(24),VARGRAPHIC(24 codeunits16),varchar(24),vargraphic(24),varchar(24),Encoding/length: DB2 VARGRAPHIC uses UTF-16 code units; PG varchar uses character count (UTF-8). Check max lengths.; Verify VARGRAPHIC→VARCHAR lengths after encoding change (UTF-16→UTF-8).
trabajo_ambito_persona,ccl_id_origen,VARGRAPHIC(24 codeunits16),trabajo_ambito_persona||ccl_id_origen,varchar(24),VARGRAPHIC(24 codeunits16),varchar(24),vargraphic(24),varchar(24),Encoding/length: DB2 VARGRAPHIC uses UTF-16 code units; PG varchar uses character count (UTF-8). Check max lengths.; Verify VARGRAPHIC→VARCHAR lengths after encoding change (UTF-16→UTF-8).
trabajo_ambito_persona,ccl_id_person,VARGRAPHIC(24 codeunits16),trabajo_ambito_persona||ccl_id_person,varchar(24),VARGRAPHIC(24 codeunits16),varchar(24),vargraphic(24),varchar(24),Encoding/length: DB2 VARGRAPHIC uses UTF-16 code units; PG varchar uses character count (UTF-8). Check max lengths.; Verify VARGRAPHIC→VARCHAR lengths after encoding change (UTF-16→UTF-8).
trabajo_ambito_persona,std_id_leg_ent,VARGRAPHIC(54 codeunits16),trabajo_ambito_persona||std_id_leg_ent,varchar(54),VARGRAPHIC(54 codeunits16),varchar(54),vargraphic(54),varchar(54),Encoding/length: DB2 VARGRAPHIC uses UTF-16 code units; PG varchar uses character count (UTF-8). Check max lengths.; Verify VARGRAPHIC→VARCHAR lengths after encoding change (UTF-16→UTF-8).
trabajo_ambito_persona,std_or_hr_period,VARGRAPHIC(24 codeunits16),trabajo_ambito_persona||std_or_hr_period,varchar(24),VARGRAPHIC(24 codeunits16),varchar(24),vargraphic(24),varchar(24),Encoding/length: DB2 VARGRAPHIC uses UTF-16 code units; PG varchar uses character count (UTF-8). Check max lengths.; Verify VARGRAPHIC→VARCHAR lengths after encoding change (UTF-16→UTF-8).
